NAME,UG,LT,G
Clear 4mm/10mmAir 100%/Clear 4mm,2.9,82/15,75/14/79
Clear 4mm/10mmAir 100%/Clear 5mm,2.9,82/15,75/14/79
Clear 4mm/10mmArgon 90%/Clear 4mm,2.8,82/15,75/14/79
Clear 4mm/10mmArgon 90%/Clear 5mm,2.8,82/15,75/14/79
Clear 4mm/12mmAir 100%/Clear 4mm,2.9,82/15,75/14/79
Clear 4mm/12mmAir 100%/Clear 5mm,2.9,82/15,75/14/79
Clear 4mm/12mmArgon 90%/Clear 4mm,2.7,82/15,75/14/79
Clear 4mm/12mmArgon 90%/Clear 5mm,2.7,82/15,75/14/79
Clear 4mm/14mmAir 100%/Clear 4mm,2.8,82/15,75/14/79
Clear 4mm/14mmAir 100%/Clear 5mm,2.8,82/15,75/14/79
Clear 4mm/14mmArgon 90%/Clear 4mm,2.6,82/15,75/14/79
Clear 4mm/14mmArgon 90%/Clear 5mm,2.6,82/15,75/14/79
Clear 4mm/15mmAir 100%/Clear 4mm,2.7,82/15,75/14/79
Clear 4mm/15mmAir 100%/Clear 5mm,2.7,82/15,75/14/79
Clear 4mm/15mmArgon 90%/Clear 4mm,2.6,82/15,75/14/79
Clear 4mm/15mmArgon 90%/Clear 5mm,2.6,82/15,75/14/79
Clear 4mm/16mmAir 100%/Clear 4mm,2.7,82/15,75/14/79
Clear 4mm/16mmAir 100%/Clear 5mm,2.7,82/15,75/14/79
Clear 4mm/16mmArgon 100%/Clear 4mm,2.6,82/15,75/14/79
Clear 4mm/16mmArgon 100%/Clear 5mm,2.6,82/15,75/14/79
Clear 4mm/18mmAir 100%/Clear 4mm,2.7,82/15,75/14/79
Clear 4mm/18mmAir 100%/Clear 5mm,2.7,82/15,75/14/79
Clear 4mm/18mmArgon 100%/Clear 4mm,2.6,82/15,75/14/79
Clear 4mm/18mmArgon 100%/Clear 5mm,2.6,82/15,75/14/79
Clear 4mm/8mmAir 100%/Clear 4mm,3.1,82/15,75/14/79
Clear 4mm/8mmAir 100%/Clear 5mm,3.1,82/15,75/14/79
Clear 4mm/8mmArgon 90%/Clear 4mm,2.9,82/15,75/14/79
Clear 4mm/8mmArgon 90%/Clear 5mm,2.9,82/15,75/14/79
Clear 5mm/10mmAir 100%/Clear 5mm,2.9,82/15,74/13/79
Clear 5mm/10mmAir 100%/Clear 6mm,2.9,82/15,73/13/78
Clear 5mm/10mmArgon 90%/Clear 5mm,2.8,82/15,74/13/79
Clear 5mm/10mmArgon 90%/Clear 6mm,2.8,82/15,73/13/78
Clear 5mm/12mmAir 100%/Clear 5mm,2.9,82/15,74/13/79
Clear 5mm/12mmAir 100%/Clear 6mm,2.9,82/15,73/13/78
Clear 5mm/12mmArgon 90%/Clear 5mm,2.7,82/15,74/13/79
Clear 5mm/12mmArgon 90%/Clear 6mm,2.7,82/15,73/13/78
Clear 5mm/14mmAir 100%/Clear 5mm,2.8,82/15,74/13/79
Clear 5mm/14mmAir 100%/Clear 6mm,2.8,82/15,73/13/78
Clear 5mm/14mmArgon 90%/Clear 5mm,2.6,82/15,74/13/79
Clear 5mm/14mmArgon 90%/Clear 6mm,2.6,82/15,73/13/78
Clear 5mm/15mmAir 100%/Clear 5mm,2.7,82/15,74/13/79
Clear 5mm/15mmAir 100%/Clear 6mm,2.7,82/15,73/13/78
Clear 5mm/15mmArgon 90%/Clear 5mm,2.6,82/15,74/13/79
Clear 5mm/15mmArgon 90%/Clear 6mm,2.6,82/15,73/13/78
Clear 5mm/16mmAir 100%/Clear 5mm,2.7,82/15,74/13/79
Clear 5mm/16mmAir 100%/Clear 6mm,2.7,82/15,73/13/78
Clear 5mm/16mmArgon 100%/Clear 5mm,2.6,82/15,74/13/79
Clear 5mm/16mmArgon 100%/Clear 6mm,2.6,82/15,73/13/78
Clear 5mm/18mmAir 100%/Clear 5mm,2.7,82/15,74/13/79
Clear 5mm/18mmAir 100%/Clear 6mm,2.7,82/15,73/13/78
Clear 5mm/18mmArgon 100%/Clear 5mm,2.6,82/15,74/13/79
Clear 5mm/18mmArgon 100%/Clear 6mm,2.6,82/15,73/13/78
Clear 5mm/8mmAir 100%/Clear 5mm,3.1,82/15,74/13/79
Clear 5mm/8mmAir 100%/Clear 6mm,3.1,82/15,73/13/78
Clear 5mm/8mmArgon 90%/Clear 5mm,2.9,82/15,74/13/79
Clear 5mm/8mmArgon 90%/Clear 6mm,2.9,82/15,73/13/78
Clima Guaerd 1 4mm/15mmAir 100%/Clear 4mm,1.4,70/22,44/40/47
Clima Guaerd 1 4mm/15mmAir 100%/Clear 5mm,1.4,70/22,44/40/47
Clima Guard 1 4mm/10mmAir 100%/Clear 4mm,1.8,70/22,44/40/47
Clima Guard 1 4mm/10mmAir 100%/Clear 5mm,1.8,70/22,44/40/47
Clima Guard 1 4mm/10mmArgon 90%/Clear 4mm,1.4,70/22,44/40/47
Clima Guard 1 4mm/10mmArgon 90%/Clear 5mm,1.4,70/22,44/40/47
Clima Guard 1 4mm/12mmAir 100%/Clear 4mm,1.5,70/22,44/40/47
Clima Guard 1 4mm/12mmAir 100%/Clear 5mm,1.5,70/22,44/40/47
Clima Guard 1 4mm/12mmArgon 90%/Clear 4mm,1.2,70/22,44/40/47
Clima Guard 1 4mm/12mmArgon 90%/Clear 5mm,1.2,70/22,44/40/47
Clima Guard 1 4mm/14mmAir 100%/Clear 4mm,1.4,70/22,44/40/47
Clima Guard 1 4mm/14mmAir 100%/Clear 5mm,1.4,70/22,44/40/47
Clima Guard 1 4mm/14mmArgon 90%/Clear 4mm,1,70/22,44/40/47
Clima Guard 1 4mm/14mmArgon 90%/Clear 5mm,1,70/22,44/40/47
Clima Guard 1 4mm/15mmArgon 90%/Clear 4mm,1,70/22,44/40/47
Clima Guard 1 4mm/15mmArgon 90%/Clear 5mm,1,70/22,44/40/47
Clima Guard 1 4mm/16mmAir 100%/Clear 4mm,1.3,70/22,44/40/47
Clima Guard 1 4mm/16mmAir 100%/Clear 5mm,1.3,70/22,44/40/47
Clima Guard 1 4mm/16mmArgon 100%/Clear 4mm,1,70/22,44/40/47
Clima Guard 1 4mm/16mmArgon 100%/Clear 5mm,1,70/22,44/40/47
Clima Guard 1 4mm/18mmAir 100%/Clear 4mm,1.3,70/22,44/40/47
Clima Guard 1 4mm/18mmAir 100%/Clear 5mm,1.3,70/22,44/40/47
Clima Guard 1 4mm/18mmArgon 100%/Clear 4mm,1,70/22,44/40/47
Clima Guard 1 4mm/18mmArgon 100%/Clear 5mm,1,70/22,44/40/47
Clima Guard 1 4mm/8mmAir 100%/Clear 4mm,2,70/22,44/40/47
Clima Guard 1 4mm/8mmAir 100%/Clear 5mm,2,70/22,44/40/47
Clima Guard 1 4mm/8mmArgon 90%/Clear 4mm,1.6,70/22,44/40/47
Clima Guard 1 4mm/8mmArgon 90%/Clear 5mm,1.6,70/22,44/40/47
Energy  N 4mm/10mmAir 100%/Clear 4mm,1.8,73/12,38/34/41
Energy  N 4mm/10mmAir 100%/Clear 5mm,1.8,73/12,38/34/41
Energy N  4mm/8mmAir 100%/Clear 4mm,2,73/12,38/34/41
Energy N  4mm/8mmAir 100%/Clear 5mm,2,73/12,38/34/41
Energy N 4mm/10mmArgon 90%/Clear 4mm,1.4,73/12,38/34/41
Energy N 4mm/10mmArgon 90%/Clear 5mm,1.4,73/12,38/34/41
Energy N 4mm/12mmAir 100%/Clear 4mm,1.5,73/12,38/34/41
Energy N 4mm/12mmAir 100%/Clear 5mm,1.5,73/12,38/34/41
Energy N 4mm/12mmArgon 90%/Clear 4mm,1.2,73/12,38/34/41
Energy N 4mm/12mmArgon 90%/Clear 5mm,1.2,73/12,38/34/41
Energy N 4mm/14mmAir 100%/Clear 4mm,1.4,73/12,38/34/41
Energy N 4mm/14mmAir 100%/Clear 5mm,1.4,73/12,38/34/41
Energy N 4mm/14mmArgon 90%/Clear 4mm,1.1,73/12,38/34/41
Energy N 4mm/14mmArgon 90%/Clear 5mm,1.1,73/12,38/34/41
Energy N 4mm/15mmAir 100%/Clear 4mm,1.3,73/12,38/34/41
Energy N 4mm/15mmAir 100%/Clear 5mm,1.3,73/12,38/34/41
Energy N 4mm/15mmArgon 90%/Clear 4mm,1,73/12,38/34/41
Energy N 4mm/15mmArgon 90%/Clear 5mm,1,73/12,38/34/41
Energy N 4mm/16mmAir 100%/Clear 4mm,1.3,73/12,38/34/41
Energy N 4mm/16mmAir 100%/Clear 5mm,1.3,73/12,38/34/41
Energy N 4mm/16mmArgon 100%/Clear 4mm,1,73/12,38/34/41
Energy N 4mm/16mmArgon 100%/Clear 5mm,1,73/12,38/34/41
Energy N 4mm/18mmAir 100%/Clear 4mm,1.3,73/12,38/34/41
Energy N 4mm/18mmAir 100%/Clear 5mm,1.3,73/12,38/34/41
Energy N 4mm/18mmArgon 100%/Clear 4mm,1,73/12,38/34/41
Energy N 4mm/18mmArgon 100%/Clear 5mm,1,73/12,38/34/41
Energy N 4mm/8mmArgon 90%/Clear 4mm,1.6,73/12,38/34/41
Energy N 4mm/8mmArgon 90%/Clear 5mm,1.6,73/12,38/34/41
Laminate  3.1.3 mm/10mmAir 100%/Clear 5mm,2.9,80/15,65/12/71
Laminate  3.1.3 mm/10mmAir 100%/Clear 6mm,2.9,80/14,64/12/71
Laminate  3.1.3 mm/12mmAir 100%/Clear 5mm,2.8,80/15,65/12/71
Laminate  3.1.3 mm/12mmAir 100%/Clear 6mm,2.8,80/14,64/12/71
Laminate  3.1.3 mm/12mmArgon 90%/Clear 5mm,2.7,80/15,65/12/71
Laminate  3.1.3 mm/12mmArgon 90%/Clear 6mm,2.7,80/14,64/12/71
Laminate  3.1.3 mm/14mmAir 100%/Clear 5mm,2.8,80/15,65/12/71
Laminate  3.1.3 mm/14mmAir 100%/Clear 6mm,2.8,80/14,64/12/71
Laminate  3.1.3 mm/14mmArgon 90%/Clear 5mm,2.6,80/15,65/12/71
Laminate  3.1.3 mm/14mmArgon 90%/Clear 6mm,2.6,80/14,64/12/71
Laminate  3.1.3 mm/15mmAir 100%/Clear 5mm,2.7,80/15,65/12/71
Laminate  3.1.3 mm/15mmAir 100%/Clear 6mm,2.7,80/14,64/12/71
Laminate  3.1.3 mm/15mmArgon 90%/Clear 5mm,2.6,80/15,65/12/71
Laminate  3.1.3 mm/15mmArgon 90%/Clear 6mm,2.6,80/14,64/12/71
Laminate  3.1.3 mm/16mmAir 100%/Clear 5mm,2.7,80/15,65/12/71
Laminate  3.1.3 mm/16mmAir 100%/Clear 6mm,2.7,80/14,64/12/71
Laminate  3.1.3 mm/16mmArgon 100%/Clear 5mm,2.6,80/15,65/12/71
Laminate  3.1.3 mm/16mmArgon 100%/Clear 6mm,2.6,80/14,64/12/71
Laminate  3.1.3 mm/18mmAir 100%/Clear 5mm,2.7,80/15,65/12/71
Laminate  3.1.3 mm/18mmAir 100%/Clear 6mm,2.7,80/14,64/12/71
Laminate  3.1.3 mm/18mmArgon 100%/Clear 5mm,2.6,80/15,65/12/71
Laminate  3.1.3 mm/18mmArgon 100%/Clear 6mm,2.6,80/14,64/12/71
Laminate  3.1.3 mm/8mmAir 100%/Clear 5mm,3.1,80/15,65/12/71
Laminate  3.1.3 mm/8mmAir 100%/Clear 6mm,3,80/14,64/12/71
Laminate  3.1.3 mm/8mmArgon 90%/Clear 5mm,2.9,80/15,65/12/71
Laminate  3.1.3 mm/8mmArgon 90%/Clear 6mm,2.8,80/14,64/12/71
Laminate 3.1.3 mm/10mmArgon 90%/Clear 5mm,2.7,80/15,65/12/71
Laminate 3.1.3 mm/10mmArgon 90%/Clear 6mm,2.7,80/14,64/12/71
Neutral 60 4mm/10mmAir 100%/ Laminate 3.1.3 mm,1.8,60/25,36/37/41
Neutral 60 4mm/10mmAir 100%/Clear 4mm,1.6,60/25,38/37/42
Neutral 60 4mm/10mmAir 100%/Clear 5mm,1.6,60/25,38/37/42
Neutral 60 4mm/10mmArgon 90%/  Laminate 3.1.3 mm,1.4,60/25,36/37/41
Neutral 60 4mm/10mmArgon 90%/Clear 4mm,1.3,60/25,38/37/42
Neutral 60 4mm/10mmArgon 90%/Clear 5mm,1.3,60/25,38/37/42
Neutral 60 4mm/12mmAir 100%/  Laminate 3.1.3 mm,1.6,60/25,36/37/41
Neutral 60 4mm/12mmAir 100%/Clear 4mm,1.5,60/25,38/37/42
Neutral 60 4mm/12mmAir 100%/Clear 5mm,1.5,60/25,38/37/42
Neutral 60 4mm/12mmArgon 90%/  Laminate 3.1.3 mm,1.3,60/25,36/37/41
Neutral 60 4mm/12mmArgon 90%/Clear 4mm,1.1,60/25,38/37/42
Neutral 60 4mm/12mmArgon 90%/Clear 5mm,1.1,60/25,38/37/42
Neutral 60 4mm/14mmAir 100%/  Laminate 3.1.3 mm,1.4,60/25,36/37/41
Neutral 60 4mm/14mmAir 100%/Clear 4mm,1.4,60/25,38/37/42
Neutral 60 4mm/14mmAir 100%/Clear 5mm,1.4,60/25,38/37/42
Neutral 60 4mm/14mmArgon 90%/  Laminate 3.1.3 mm,1.1,60/25,36/37/41
Neutral 60 4mm/14mmArgon 90%/Clear 4mm,1.1,60/25,38/37/42
Neutral 60 4mm/14mmArgon 90%/Clear 5mm,1.1,60/25,38/37/42
Neutral 60 4mm/15mmAir 100%/  Laminate 3.1.3 mm,1.4,60/25,36/37/41
Neutral 60 4mm/15mmAir 100%/Clear 4mm,1.4,60/25,38/37/42
Neutral 60 4mm/15mmAir 100%/Clear 5mm,1.4,60/25,38/37/42
Neutral 60 4mm/15mmArgon 90%/  Laminate 3.1.3mm,1.1,60/25,36/37/41
Neutral 60 4mm/15mmArgon 90%/Clear 4mm,1.1,60/25,38/37/42
Neutral 60 4mm/15mmArgon 90%/Clear 5mm,1.1,60/25,38/37/42
Neutral 60 4mm/16mmAir 100%/  Laminate 3.1.3mm,1.4,60/25,36/37/41
Neutral 60 4mm/16mmAir 100%/Clear 4mm,1.4,60/25,38/37/42
Neutral 60 4mm/16mmAir 100%/Clear 5mm,1.4,60/25,38/37/42
Neutral 60 4mm/16mmArgon 100%/Clear 4mm,1.1,60/25,38/37/42
Neutral 60 4mm/16mmArgon 100%/Clear 5mm,1.1,60/25,38/37/42
Neutral 60 4mm/16mmArgon 100%/Laminate 3.1.3mm,1.1,60/25,36/37/41
Neutral 60 4mm/18mmAir 100%/ Laminate 3.1.3mm,1.4,60/25,36/37/41
Neutral 60 4mm/18mmAir 100%/Clear 4mm,1.4,60/25,38/37/42
Neutral 60 4mm/18mmAir 100%/Clear 5mm,1.4,60/25,38/37/42
Neutral 60 4mm/8mmAir 100%/Clear 4mm,2.1,60/25,38/37/42
Neutral 60 4mm/8mmAir 100%/Clear 5mm,2.1,60/25,38/37/42
Neutral 60 4mm/8mmAir 100%/Laminate 3.1.3 mm,2.1,60/25,36/37/41
Neutral 60 4mm/8mmArgon 90%/ Laminate 3.1.3 mm,1.7,60/25,36/37/41
Neutral 60 4mm/8mmArgon 90%/Clear 4mm,1.9,60/25,38/37/42
Neutral 60 4mm/8mmArgon 90%/Clear 5mm,1.9,60/25,38/37/42
Neutral 60 5mm/10mmAir 100%/Clear 5mm,1.6,60/26,38/37/42
Neutral 60 5mm/10mmAir 100%/Clear 6mm,1.6,60/26,38/37/42
Neutral 60 5mm/10mmArgon 90%/Clear 5mm,1.3,60/26,38/37/42
Neutral 60 5mm/10mmArgon 90%/Clear 6mm,1.3,60/26,38/37/42
Neutral 60 5mm/12mmAir 100%/Clear 5mm,1.5,60/26,38/37/42
Neutral 60 5mm/12mmAir 100%/Clear 6mm,1.5,60/26,38/37/42
Neutral 60 5mm/12mmArgon 90%/Clear 5mm,1.1,60/26,38/37/42
Neutral 60 5mm/12mmArgon 90%/Clear 6mm,1.1,60/26,38/37/42
Neutral 60 5mm/14mmAir 100%/Clear 5mm,1.4,60/26,38/37/42
Neutral 60 5mm/14mmAir 100%/Clear 6mm,1.4,60/26,38/37/42
Neutral 60 5mm/14mmArgon 90%/Clear 5mm,1.1,60/26,38/37/42
Neutral 60 5mm/14mmArgon 90%/Clear 6mm,1.1,60/26,38/37/42
Neutral 60 5mm/15mmAir 100%/Clear 5mm,1.4,60/26,38/37/42
Neutral 60 5mm/15mmAir 100%/Clear 6mm,1.4,60/26,38/37/42
Neutral 60 5mm/15mmArgon 90%/Clear 5mm,1.1,60/26,38/37/42
Neutral 60 5mm/15mmArgon 90%/Clear 6mm,1.1,60/26,38/37/42
Neutral 60 5mm/16mmAir 100%/Clear 5mm,1.4,60/26,38/37/42
Neutral 60 5mm/16mmAir 100%/Clear 6mm,1.4,60/26,38/37/42
Neutral 60 5mm/16mmArgon 100%/Clear 5mm,1.1,60/26,38/37/42
Neutral 60 5mm/16mmArgon 100%/Clear 6mm,1.1,60/26,38/37/42
Neutral 60 5mm/18mmAir 100%/Clear 5mm,1.4,60/26,38/37/42
Neutral 60 5mm/18mmAir 100%/Clear 6mm,1.4,60/26,38/37/42
Neutral 60 5mm/8mmAir 100%/Clear 5mm,2.1,60/26,38/37/42
Neutral 60 5mm/8mmAir 100%/Clear 6mm,2.1,60/26,38/37/42
Neutral 60 5mm/8mmArgon 90%/Clear 5mm,1.9,60/26,38/37/42
Neutral 60 5mm/8mmArgon 90%/Clear 6mm,1.9,60/26,38/37/42
Neutral 60 6mm/10mmAir 100%/Clear 5mm,1.6,60/25,38/37/42
Neutral 60 6mm/10mmAir 100%/Clear 6mm,1.6,60/26,38/37/42
Neutral 60 6mm/10mmArgon 90%/Clear 5mm,1.3,60/25,38/37/42
Neutral 60 6mm/10mmArgon 90%/Clear 6mm,1.3,60/26,38/37/42
Neutral 60 6mm/12mmAir 100%/Clear 5mm,1.5,60/25,38/37/42
Neutral 60 6mm/12mmAir 100%/Clear 6mm,1.5,60/26,38/37/42
Neutral 60 6mm/12mmArgon 90%/Clear 5mm,1.1,60/25,38/37/42
Neutral 60 6mm/12mmArgon 90%/Clear 6mm,1.1,60/26,38/37/42
Neutral 60 6mm/14mmAir 100%/Clear 5mm,1.4,60/25,38/37/42
Neutral 60 6mm/14mmAir 100%/Clear 6mm,1.4,60/26,38/37/42
Neutral 60 6mm/14mmArgon 90%/Clear 5mm,1.1,60/25,38/37/42
Neutral 60 6mm/14mmArgon 90%/Clear 6mm,1.1,60/26,38/37/42
Neutral 60 6mm/15mmAir 100%/Clear 5mm,1.4,60/25,38/37/42
Neutral 60 6mm/15mmAir 100%/Clear 6mm,1.4,60/26,38/37/42
Neutral 60 6mm/15mmArgon 90%/Clear 5mm,1.1,60/25,38/37/42
Neutral 60 6mm/15mmArgon 90%/Clear 6mm,1.1,60/26,38/37/42
Neutral 60 6mm/16mmAir 100%/Clear 5mm,1.4,60/25,38/37/42
Neutral 60 6mm/16mmAir 100%/Clear 6mm,1.4,60/26,38/37/42
Neutral 60 6mm/16mmArgon 100%/Clear 5mm,1.1,60/25,38/37/42
Neutral 60 6mm/16mmArgon 100%/Clear 6mm,1.1,60/26,38/37/42
Neutral 60 6mm/18mmAir 100%/Clear 5mm,1.4,60/25,38/37/42
Neutral 60 6mm/18mmAir 100%/Clear 6mm,1.4,60/26,38/37/42
Neutral 60 6mm/8mmAir 100%/Clear 5mm,2.1,60/25,38/37/42
Neutral 60 6mm/8mmAir 100%/Clear 6mm,2.1,60/26,38/37/42
Neutral 60 6mm/8mmArgon 90%/Clear 5mm,1.9,60/25,38/37/42
Neutral 60 6mm/8mmArgon 90%/Clear 6mm,1.9,60/26,38/37/42
Neutral 70 4mm/10mmAir 100%/Clear 4mm,2,70/12,51/20/55
Neutral 70 4mm/10mmAir 100%/Clear 5mm,2,70/12,51/20/55
Neutral 70 4mm/10mmAir 100%/Laminate 3.1.3 mm,2,69/11,47/20/54
Neutral 70 4mm/10mmArgon 90%/Clear 4mm,1.7,70/12,51/20/55
Neutral 70 4mm/10mmArgon 90%/Clear 5mm,1.7,70/12,51/20/55
Neutral 70 4mm/10mmArgon 90%/Laminate3.1.3 mm,1.7,69/11,47/20/54
Neutral 70 4mm/12mmAir 100%/ Laminate 4.1.4 mm,1.8,69/11,47/20/54
Neutral 70 4mm/12mmAir 100%/Clear 4mm,1.8,70/12,51/20/55
Neutral 70 4mm/12mmAir 100%/Clear 5mm,1.8,70/12,51/20/55
Neutral 70 4mm/12mmArgon 90%/Clear 4mm,1.5,70/12,51/20/55
Neutral 70 4mm/12mmArgon 90%/Clear 5mm,1.5,70/12,51/20/55
Neutral 70 4mm/12mmArgon 90%/Laminate 3.1.3 mm,1.5,69/11,47/20/54
Neutral 70 4mm/14mmAir 100%/Clear 4mm,1.7,70/12,51/20/55
Neutral 70 4mm/14mmAir 100%/Clear 5mm,1.7,70/12,51/20/55
Neutral 70 4mm/14mmAir 100%/Laminate 3.1.3 mm,1.7,69/11,47/20/54
Neutral 70 4mm/14mmArgon 90%/Clear 4mm,1.4,70/12,51/20/55
Neutral 70 4mm/14mmArgon 90%/Clear 5mm,1.4,70/12,51/20/55
Neutral 70 4mm/14mmArgon 90%/Laminate 3.1.3 mm,1.4,69/11,47/20/54
Neutral 70 4mm/15mmAir 100%/Clear 4mm,1.6,70/12,51/20/55
Neutral 70 4mm/15mmAir 100%/Clear 5mm,1.6,70/12,51/20/55
Neutral 70 4mm/15mmAir 100%/Laminate 3.1.3 mm,1.6,69/11,47/20/54
Neutral 70 4mm/15mmArgon 90%/Clear 4mm,1.4,70/12,51/20/55
Neutral 70 4mm/15mmArgon 90%/Clear 5mm,1.4,70/12,51/20/55
Neutral 70 4mm/15mmArgon 90%/Laminate 3.1.3 mm,1.4,69/11,47/20/54
Neutral 70 4mm/16mmAir 100%/ Laminate 3.1.3 mm,1.6,69/11,47/20/54
Neutral 70 4mm/16mmAir 100%/Clear 4mm,1.6,70/12,51/20/55
Neutral 70 4mm/16mmAir 100%/Clear 5mm,1.6,70/12,51/20/55
Neutral 70 4mm/16mmArgon 100%/ Laminate 3.1.3 mm,1.4,69/11,47/20/54
Neutral 70 4mm/16mmArgon 100%/Clear 4mm,1.4,70/12,51/20/55
Neutral 70 4mm/16mmArgon 100%/Clear 5mm,1.4,70/12,51/20/55
Neutral 70 4mm/18mmAir 100%/ Laminate  3.1.3 mm,1.6,69/11,47/20/54
Neutral 70 4mm/18mmAir 100%/Clear 4mm,1.6,70/12,51/20/55
Neutral 70 4mm/18mmAir 100%/Clear 5mm,1.6,70/12,51/20/55
Neutral 70 4mm/18mmArgon 100%/ Laminate 3.1.3 mm,1.4,69/11,47/20/54
Neutral 70 4mm/18mmArgon 100%/Clear 4mm,1.4,70/12,51/20/55
Neutral 70 4mm/18mmArgon 100%/Clear 5mm,1.4,70/12,51/20/55
Neutral 70 4mm/8mmAir 100%/Clear 4mm,2.2,70/12,51/20/55
Neutral 70 4mm/8mmAir 100%/Clear 5mm,2.2,70/12,51/20/55
Neutral 70 4mm/8mmAir 100%/Clear 5mm,2.2,70/12,51/20/55
Neutral 70 4mm/8mmAir 100%/Laminate 4.1.4 mm,2.2,69/11,47/20/54
Neutral 70 4mm/8mmArgon 90%/Clear 4mm,1.9,70/12,51/20/55
Neutral 70 4mm/8mmArgon 90%/Clear 5mm,1.9,70/12,51/20/55
Neutral 70 4mm/8mmArgon 90%/Laminate 4.1.4 mm,1.9,69/11,47/20/54
Neutral 70 5mm/10mmAir 100%/Clear 5mm,2,70/13,51/20/55
Neutral 70 5mm/10mmAir 100%/Clear 6mm,2,70/13,51/20/55
Neutral 70 5mm/10mmArgon 90%/Clear 5mm,1.7,70/13,51/20/55
Neutral 70 5mm/10mmArgon 90%/Clear 6mm,1.7,70/13,51/20/55
Neutral 70 5mm/12mmAir 100%/Clear 5mm,1.8,70/13,51/20/55
Neutral 70 5mm/12mmAir 100%/Clear 6mm,1.8,70/13,51/20/55
Neutral 70 5mm/12mmArgon 90%/Clear 5mm,1.5,70/13,51/20/55
Neutral 70 5mm/12mmArgon 90%/Clear 6mm,1.5,70/13,51/20/55
Neutral 70 5mm/14mmAir 100%/Clear 5mm,1.7,70/13,51/20/55
Neutral 70 5mm/14mmAir 100%/Clear 6mm,1.7,70/13,51/20/55
Neutral 70 5mm/14mmArgon 90%/Clear 5mm,1.4,70/13,51/20/55
Neutral 70 5mm/14mmArgon 90%/Clear 6mm,1.4,70/13,51/20/55
Neutral 70 5mm/15mmAir 100%/Clear 5mm,1.6,70/13,51/20/55
Neutral 70 5mm/15mmAir 100%/Clear 6mm,1.6,70/13,51/20/55
Neutral 70 5mm/15mmArgon 90%/Clear 5mm,1.4,70/13,51/20/55
Neutral 70 5mm/15mmArgon 90%/Clear 6mm,1.4,70/13,51/20/55
Neutral 70 5mm/16mmAir 100%/Clear 5mm,1.6,70/13,51/20/55
Neutral 70 5mm/16mmAir 100%/Clear 6mm,1.6,70/13,51/20/55
Neutral 70 5mm/16mmArgon 100%/Clear 5mm,1.4,70/13,51/20/55
Neutral 70 5mm/16mmArgon 100%/Clear 6mm,1.4,70/13,51/20/55
Neutral 70 5mm/18mmAir 100%/Clear 5mm,1.6,70/13,51/20/55
Neutral 70 5mm/18mmAir 100%/Clear 6mm,1.6,70/13,51/20/55
Neutral 70 5mm/18mmArgon 100%/Clear 5mm,1.4,70/13,51/20/55
Neutral 70 5mm/18mmArgon 100%/Clear 6mm,1.4,70/13,51/20/55
Neutral 70 5mm/8mmAir 100%/Clear 5mm,2.2,70/13,51/20/55
Neutral 70 5mm/8mmAir 100%/Clear 6mm,2.2,70/13,51/20/55
Neutral 70 5mm/8mmArgon 90%/Clear 5mm,1.9,70/13,51/20/55
Neutral 70 5mm/8mmArgon 90%/Clear 6mm,1.9,70/13,51/20/55
Neutral 70 6mm/10mmAir 100%/Clear 5mm,2,70/12,51/20/55
Neutral 70 6mm/10mmAir 100%/Clear 6mm,2,70/13,51/20/55
Neutral 70 6mm/10mmArgon 90%/Clear 5mm,1.7,70/12,51/20/55
Neutral 70 6mm/10mmArgon 90%/Clear 6mm,1.7,70/13,51/20/55
Neutral 70 6mm/12mmAir 100%/Clear 5mm,1.8,70/12,51/20/55
Neutral 70 6mm/12mmAir 100%/Clear 6mm,1.8,70/13,51/20/55
Neutral 70 6mm/12mmArgon 90%/Clear 5mm,1.5,70/12,51/20/55
Neutral 70 6mm/12mmArgon 90%/Clear 6mm,1.5,70/13,51/20/55
Neutral 70 6mm/14mmAir 100%/Clear 5mm,1.7,70/12,51/20/55
Neutral 70 6mm/14mmAir 100%/Clear 6mm,1.7,70/13,51/20/55
Neutral 70 6mm/14mmArgon 90%/Clear 5mm,1.4,70/12,51/20/55
Neutral 70 6mm/14mmArgon 90%/Clear 6mm,1.4,70/13,51/20/55
Neutral 70 6mm/15mmAir 100%/Clear 5mm,1.6,70/12,51/20/55
Neutral 70 6mm/15mmAir 100%/Clear 6mm,1.6,70/13,51/20/55
Neutral 70 6mm/15mmArgon 90%/Clear 5mm,1.4,70/12,51/20/55
Neutral 70 6mm/15mmArgon 90%/Clear 6mm,1.4,70/13,51/20/55
Neutral 70 6mm/16mmAir 100%/Clear 5mm,1.6,70/12,51/20/55
Neutral 70 6mm/16mmAir 100%/Clear 6mm,1.6,70/13,51/20/55
Neutral 70 6mm/16mmArgon 100%/Clear 5mm,1.4,70/12,51/20/55
Neutral 70 6mm/16mmArgon 100%/Clear 6mm,1.4,70/13,51/20/55
Neutral 70 6mm/18mmAir 100%/Clear 5mm,1.6,70/12,51/20/55
Neutral 70 6mm/18mmAir 100%/Clear 6mm,1.6,70/13,51/20/55
Neutral 70 6mm/18mmArgon 100%/Clear 5mm,1.4,70/12,51/20/55
Neutral 70 6mm/18mmArgon 100%/Clear 6mm,1.4,70/13,51/20/55
Neutral 70 6mm/8mmAir 100%/Clear 6mm,2.2,70/13,51/20/55
Neutral 70 6mm/8mmArgon 90%/Clear 5mm,1.9,70/12,51/20/55
Neutral 70 6mm/8mmArgon 90%/Clear 6mm,1.9,70/13,51/20/55
Neutral60 4mm/18mmArgon 100%/  Laminate 3.1.3mm,1.1,60/25,36/37/41
Neutral60 4mm/18mmArgon 100%/Clear 4mm,1.1,60/25,38/37/42
Neutral60 4mm/18mmArgon 100%/Clear 5mm,1.1,60/25,38/37/42
Neutral60 5mm/18mmArgon 100%/Clear 5mm,1.1,60/26,38/37/42
Neutral60 5mm/18mmArgon 100%/Clear 6mm,1.1,60/26,38/37/42
Neutral60 5mm/18mmArgon 100%/Clear 6mm,1.1,60/26,38/37/42
Neutral60 6mm/18mmArgon 100%/Clear 5mm,1.1,60/25,38/37/42
Planistar 4mm/10mmAir 100%/Clear 4mm,1.8,71/12,39/33/42
Planistar 4mm/10mmAir 100%/Clear 5mm,1.8,71/12,39/33/42
Planistar 4mm/10mmArgon 90%/Clear 4mm,1.4,71/12,39/33/42
Planistar 4mm/10mmArgon 90%/Clear 5mm,1.4,71/12,39/33/42
Planistar 4mm/12mmAir 100%/Clear 4mm,1.6,71/12,39/33/42
Planistar 4mm/12mmAir 100%/Clear 5mm,1.6,71/12,39/33/42
Planistar 4mm/12mmArgon 90%/Clear 4mm,1.3,71/12,39/33/42
Planistar 4mm/12mmArgon 90%/Clear 5mm,1.3,71/12,39/33/42
Planistar 4mm/14mmAir 100%/Clear 4mm,1.5,71/12,39/33/42
Planistar 4mm/14mmAir 100%/Clear 5mm,1.5,71/12,39/33/42
Planistar 4mm/14mmArgon 90%/Clear 4mm,1.2,71/12,39/33/42
Planistar 4mm/14mmArgon 90%/Clear 5mm,1.2,71/12,39/33/42
Planistar 4mm/15mmAir 100%/Clear 4mm,1.4,71/12,39/33/42
Planistar 4mm/15mmAir 100%/Clear 5mm,1.4,71/12,39/33/42
Planistar 4mm/15mmArgon 90%/Clear 4mm,1.1,71/12,39/33/42
Planistar 4mm/15mmArgon 90%/Clear 5mm,1.1,71/12,39/33/42
Planistar 4mm/16mmAir 100%/Clear 4mm,1.4,71/12,39/33/42
Planistar 4mm/16mmAir 100%/Clear 5mm,1.4,71/12,39/33/42
Planistar 4mm/16mmArgon 100%/Clear 4mm,1.1,71/12,39/33/42
Planistar 4mm/16mmArgon 100%/Clear 5mm,1.1,71/12,39/33/42
Planistar 4mm/18mmAir 100%/Clear 4mm,1.4,71/12,39/33/42
Planistar 4mm/18mmAir 100%/Clear 5mm,1.4,71/12,39/33/42
Planistar 4mm/18mmArgon 100%/Clear 4mm,1.1,71/12,39/33/42
Planistar 4mm/18mmArgon 100%/Clear 5mm,1.1,71/12,39/33/42
Planistar 4mm/8mmAir 100%/Clear 4mm,2,71/12,39/33/42
Planistar 4mm/8mmAir 100%/Clear 5mm,2,71/12,39/33/42
Planistar 4mm/8mmArgon 90%/Clear 4mm,1.7,71/12,39/33/42
Planistar 4mm/8mmArgon 90%/Clear 5mm,1.7,71/12,39/33/42
Planitherm One 4mm/10mmAir 100%/Clear 4mm,1.8,71/23,44/39/47
Planitherm One 4mm/10mmAir 100%/Clear 5mm,1.8,71/23,44/39/47
Planitherm One 4mm/10mmArgon 90%/Clear 4mm,1.4,71/23,44/39/47
Planitherm One 4mm/10mmArgon 90%/Clear 5mm,1.4,71/23,44/39/47
Planitherm One 4mm/12mmAir 100%/Clear 4mm,1.6,71/23,44/39/47
Planitherm One 4mm/12mmAir 100%/Clear 5mm,1.6,71/23,44/39/47
Planitherm One 4mm/12mmArgon 90%/Clear 4mm,1.2,71/23,44/39/47
Planitherm One 4mm/12mmArgon 90%/Clear 5mm,1.2,71/23,44/39/47
Planitherm One 4mm/14mmAir 100%/Clear 4mm,1.4,71/23,44/39/47
Planitherm One 4mm/14mmAir 100%/Clear 5mm,1.4,71/23,44/39/47
Planitherm One 4mm/14mmArgon 90%/Clear 4mm,1.1,71/23,44/39/47
Planitherm One 4mm/14mmArgon 90%/Clear 5mm,1.1,71/23,44/39/47
Planitherm One 4mm/15mmAir 100%/Clear 4mm,1.3,71/23,44/39/47
Planitherm One 4mm/15mmAir 100%/Clear 5mm,1.3,71/23,44/39/47
Planitherm One 4mm/15mmArgon 90%/Clear 4mm,1.1,71/23,44/39/47
Planitherm One 4mm/15mmArgon 90%/Clear 5mm,1.1,71/23,44/39/47
Planitherm One 4mm/16mmAir 100%/Clear 4mm,1.3,71/23,44/39/47
Planitherm One 4mm/16mmAir 100%/Clear 5mm,1.3,71/23,44/39/47
Planitherm One 4mm/16mmArgon 100%/Clear 4mm,1.1,71/23,44/39/47
Planitherm One 4mm/16mmArgon 100%/Clear 5mm,1.1,71/23,44/39/47
Planitherm One 4mm/18mmAir 100%/Clear 4mm,1.3,71/23,44/39/47
Planitherm One 4mm/18mmAir 100%/Clear 5mm,1.3,71/23,44/39/47
Planitherm One 4mm/18mmArgon 100%/Clear 4mm,1.1,71/23,44/39/47
Planitherm One 4mm/18mmArgon 100%/Clear 5mm,1.1,71/23,44/39/47
Planitherm One 4mm/8mmAir 100%/Clear 4mm,2,71/23,44/39/47
Planitherm One 4mm/8mmAir 100%/Clear 5mm,2,71/23,44/39/47
Planitherm One 4mm/8mmArgon 90%/Clear 4mm,1.6,71/23,44/39/47
Planitherm One 4mm/8mmArgon 90%/Clear 5mm,1.6,71/23,44/39/47
Planitherm Ultra N 4mm/10mmAir 100%/Clear 4mm,1.8,79/12,54/26/50
Planitherm Ultra N 4mm/10mmAir 100%/Clear 5mm,1.8,79/12,54/26/50
Planitherm Ultra N 4mm/10mmArgon 90%/Clear 4mm,1.4,79/12,54/26/50
Planitherm Ultra N 4mm/10mmArgon 90%/Clear 5mm,1.4,79/12,54/26/50
Planitherm Ultra N 4mm/12mmAir 100%/Clear 4mm,1.6,79/12,54/26/50
Planitherm Ultra N 4mm/12mmAir 100%/Clear 5mm,1.6,79/12,54/26/50
Planitherm Ultra N 4mm/12mmArgon 90%/Clear 4mm,1.3,79/12,54/26/50
Planitherm Ultra N 4mm/12mmArgon 90%/Clear 5mm,1.3,79/12,54/26/50
Planitherm Ultra N 4mm/14mmAir 100%/Clear 4mm,1.5,79/12,54/26/50
Planitherm Ultra N 4mm/14mmAir 100%/Clear 5mm,1.5,79/12,54/26/50
Planitherm Ultra N 4mm/14mmArgon 90%/Clear 4mm,1.2,79/12,54/26/50
Planitherm Ultra N 4mm/14mmArgon 90%/Clear 5mm,1.2,79/12,54/26/50
Planitherm Ultra N 4mm/15mmAir 100%/Clear 4mm,1.4,79/12,54/26/50
Planitherm Ultra N 4mm/15mmAir 100%/Clear 5mm,1.4,79/12,54/26/50
Planitherm Ultra N 4mm/15mmArgon 90%/Clear 4mm,1.1,79/12,54/26/50
Planitherm Ultra N 4mm/15mmArgon 90%/Clear 5mm,1.1,79/12,54/26/50
Planitherm Ultra N 4mm/16mmAir 100%/Clear 4mm,1.4,79/12,54/26/50
Planitherm Ultra N 4mm/16mmAir 100%/Clear 5mm,1.4,79/12,54/26/50
Planitherm Ultra N 4mm/16mmArgon 100%/Clear 4mm,1.1,79/12,54/26/50
Planitherm Ultra N 4mm/16mmArgon 100%/Clear 5mm,1.1,79/12,54/26/50
Planitherm Ultra N 4mm/18mmAir 100%/Clear 4mm,1.4,79/12,54/26/50
Planitherm Ultra N 4mm/18mmAir 100%/Clear 5mm,1.4,79/12,54/26/50
Planitherm Ultra N 4mm/18mmArgon 100%/Clear 4mm,1.1,79/12,54/26/50
Planitherm Ultra N 4mm/18mmArgon 100%/Clear 5mm,1.1,79/12,54/26/50
Planitherm Ultra N 4mm/8mmAir 100%/Clear 4mm,2,79/12,54/26/50
Planitherm Ultra N 4mm/8mmAir 100%/Clear 5mm,2,79/12,54/26/50
Planitherm Ultra N 4mm/8mmArgon 90%/Clear 4mm,1.7,79/12,54/26/50
Planitherm Ultra N 4mm/8mmArgon 90%/Clear 5mm,1.7,79/12,54/26/50
Top  N  4mm/8mmAir 100%/Clear 4mm,2.1,72/16,47/24/52
Top  N  4mm/8mmAir 100%/Clear 5mm,2.1,72/16,47/24/52
Top N 4mm/10mmAir 100%/Clear 4mm,1.8,72/16,47/24/52
Top N 4mm/10mmAir 100%/Clear 5mm,1.8,72/16,47/24/52
Top N 4mm/10mmArgon 90%/Clear 4mm,1.4,72/16,47/24/52
Top N 4mm/10mmArgon 90%/Clear 5mm,1.4,72/16,47/24/52
Top N 4mm/12mmAir 100%/Clear 4mm,1.6,72/16,47/24/52
Top N 4mm/12mmAir 100%/Clear 5mm,1.6,72/16,47/24/52
Top N 4mm/12mmArgon 90%/Clear 4mm,1.3,72/16,47/24/52
Top N 4mm/12mmArgon 90%/Clear 5mm,1.3,72/16,47/24/52
Top N 4mm/14mmAir 100%/Clear 4mm,1.5,72/16,47/24/52
Top N 4mm/14mmAir 100%/Clear 5mm,1.5,72/16,47/24/52
Top N 4mm/14mmArgon 90%/Clear 4mm,1.2,72/16,47/24/52
Top N 4mm/14mmArgon 90%/Clear 5mm,1.2,72/16,47/24/52
Top N 4mm/15mmAir 100%/Clear 4mm,1.4,72/16,47/24/52
Top N 4mm/15mmAir 100%/Clear 5mm,1.4,72/16,47/24/52
Top N 4mm/15mmArgon 90%/Clear 4mm,1.1,72/16,47/24/52
Top N 4mm/15mmArgon 90%/Clear 5mm,1.1,72/16,47/24/52
Top N 4mm/16mmAir 100%/Clear 4mm,1.4,72/16,47/24/52
Top N 4mm/16mmAir 100%/Clear 5mm,1.4,72/16,47/24/52
Top N 4mm/16mmArgon 100%/Clear 4mm,1.1,72/16,47/24/52
Top N 4mm/16mmArgon 100%/Clear 5mm,1.1,72/16,47/24/52
Top N 4mm/18mmAir 100%/Clear 4mm,1.4,72/16,47/24/52
Top N 4mm/18mmAir 100%/Clear 5mm,1.4,72/16,47/24/52
Top N 4mm/18mmArgon 100%/Clear 4mm,1.1,72/16,47/24/52
Top N 4mm/18mmArgon 100%/Clear 5mm,1.1,72/16,47/24/52
Top N 4mm/8mmArgon 90%/Clear 4mm,1.7,72/16,47/24/52
Top N 4mm/8mmArgon 90%/Clear 5mm,1.7,72/16,47/24/52
Planitherm Ultra N 6mm/10mmAir 100%/Clear 4mm,1.8,79/12,53/24/57
Planitherm Ultra N 6mm/10mmAir 100%/Clear 5mm,1.8,79/12,53/24/57
Planitherm Ultra N 6mm/10mmArgon 90%/Clear 4mm,1.4,79/12,53/24/57
Planitherm Ultra N 6mm/10mmArgon 90%/Clear 5mm,1.4,79/12,53/24/57
Planitherm Ultra N 6mm/12mmAir 100%/Clear 4mm,1.6,79/12,53/24/57
Planitherm Ultra N 6mm/12mmAir 100%/Clear 5mm,1.6,79/12,53/24/57
Planitherm Ultra N 6mm/12mmArgon 90%/Clear 4mm,1.3,79/12,53/24/57
Planitherm Ultra N 6mm/12mmArgon 90%/Clear 5mm,1.3,79/12,53/24/57
Planitherm Ultra N 6mm/14mmAir 100%/Clear 4mm,1.5,79/12,53/24/57
Planitherm Ultra N 6mm/14mmAir 100%/Clear 5mm,1.5,79/12,53/24/57
Planitherm Ultra N 6mm/14mmArgon 90%/Clear 4mm,1.2,79/12,53/24/57
Planitherm Ultra N 6mm/14mmArgon 90%/Clear 5mm,1.2,79/12,53/24/57
Planitherm Ultra N 6mm/15mmAir 100%/Clear 4mm,1.4,79/12,53/24/57
Planitherm Ultra N 6mm/15mmAir 100%/Clear 5mm,1.4,79/12,53/24/57
Planitherm Ultra N 6mm/15mmArgon 90%/Clear 4mm,1.1,79/12,53/24/57
Planitherm Ultra N 6mm/15mmArgon 90%/Clear 5mm,1.1,79/12,53/24/57
Planitherm Ultra N 6mm/16mmAir 100%/Clear 4mm,1.4,79/12,53/24/57
Planitherm Ultra N 6mm/16mmAir 100%/Clear 5mm,1.4,79/12,53/24/57
Planitherm Ultra N 6mm/16mmArgon 100%/Clear 4mm,1.1,79/12,53/24/57
Planitherm Ultra N 6mm/16mmArgon 100%/Clear 5mm,1.1,79/12,53/24/57
Planitherm Ultra N 6mm/18mmAir 100%/Clear 4mm,1.4,79/12,53/24/57
Planitherm Ultra N 6mm/18mmAir 100%/Clear 5mm,1.4,79/12,53/24/57
Planitherm Ultra N 6mm/18mmArgon 100%/Clear 4mm,1.1,79/12,53/24/57
Planitherm Ultra N 6mm/18mmArgon 100%/Clear 5mm,1.1,79/12,53/24/57
Planistar 6mm/10mmAir 100%/Clear 4mm,1.8,70/12,38/30/41
Planistar 6mm/10mmAir 100%/Clear 5mm,1.8,70/12,38/30/41
Planistar 6mm/10mmArgon 90%/Clear 4mm,1.4,70/12,38/30/41
Planistar 6mm/10mmArgon 90%/Clear 5mm,1.4,70/12,38/30/41
Planistar 6mm/12mmAir 100%/Clear 4mm,1.6,70/12,38/30/41
Planistar 6mm/12mmAir 100%/Clear 5mm,1.6,70/12,38/30/41
Planistar 6mm/12mmArgon 90%/Clear 4mm,1.3,70/12,38/30/41
Planistar 6mm/12mmArgon 90%/Clear 5mm,1.3,70/12,38/30/41
Planistar 6mm/14mmAir 100%/Clear 4mm,1.5,70/12,38/30/41
Planistar 6mm/14mmAir 100%/Clear 5mm,1.5,70/12,38/30/41
Planistar 6mm/14mmArgon 90%/Clear 4mm,1.2,70/12,38/30/41
Planistar 6mm/14mmArgon 90%/Clear 5mm,1.2,70/12,38/30/41
Planistar 6mm/15mmAir 100%/Clear 4mm,1.4,70/12,38/30/41
Planistar 6mm/15mmAir 100%/Clear 5mm,1.4,70/12,38/30/41
Planistar 6mm/15mmArgon 90%/Clear 4mm,1.1,70/12,38/30/41
Planistar 6mm/15mmArgon 90%/Clear 5mm,1.1,70/12,38/30/41
Planistar 6mm/16mmAir 100%/Clear 4mm,1.4,70/12,38/30/41
Planistar 6mm/16mmAir 100%/Clear 5mm,1.4,70/12,38/30/41
Planistar 6mm/16mmArgon 100%/Clear 4mm,1.1,70/12,38/30/41
Planistar 6mm/16mmArgon 100%/Clear 5mm,1.1,70/12,38/30/41
Planistar 6mm/18mmAir 100%/Clear 4mm,1.4,70/12,38/30/41
Planistar 6mm/18mmAir 100%/Clear 5mm,1.4,70/12,38/30/41
Planistar 6mm/18mmArgon 100%/Clear 4mm,1.1,70/12,38/30/41
Planistar 6mm/18mmArgon 100%/Clear 5mm,1.1,70/12,38/30/41
Planistar lite 4mm/10mmAir 100%/Clear 4mm,1.8,65/26,40/42/42
Planistar lite 4mm/10mmAir 100%/Clear 5mm,1.8,65/26,40/42/42
Planistar lite 4mm/10mmArgon 90%/Clear 4mm,1.4,65/26,40/42/42
Planistar lite 4mm/10mmArgon 90%/Clear 5mm,1.4,65/26,40/42/42
Planistar lite 4mm/12mmAir 100%/Clear 4mm,1.6,65/26,40/42/42
Planistar lite 4mm/12mmAir 100%/Clear 5mm,1.6,65/26,40/42/42
Planistar lite 4mm/12mmArgon 90%/Clear 4mm,1.2,65/26,40/42/42
Planistar lite 4mm/12mmArgon 90%/Clear 5mm,1.2,65/26,40/42/42
Planistar lite 4mm/14mmAir 100%/Clear 4mm,1.5,65/26,40/42/42
Planistar lite  4mm/14mmAir 100%/Clear 5mm,1.5,65/26,40/42/42
Planistar lite 4mm/14mmArgon 90%/Clear 4mm,1.1,65/26,40/42/42
Planistar lite 4mm/14mmArgon 90%/Clear 5mm,1.1,65/26,40/42/42
Planistar lite 4mm/15mmAir 100%/Clear 4mm,1.4,65/26,40/42/42
Planistar lite 4mm/15mmAir 100%/Clear 5mm,1.4,65/26,40/42/42
Planistar lite 4mm/15mmArgon 90%/Clear 4mm,1,65/26,40/42/42
Planistar lite 4mm/15mmArgon 90%/Clear 5mm,1,65/26,40/42/42
Planistar lite 4mm/16mmAir 100%/Clear 4mm,1.3,65/26,40/42/42
Planistar lite 4mm/16mmAir 100%/Clear 5mm,1.3,65/26,40/42/42
Planistar lite 4mm/16mmArgon 100%/Clear 4mm,1,65/26,40/42/42
Planistar  lite 4mm/16mmArgon 100%/Clear 5mm,1,65/26,40/42/42
Planistar  lite 4mm/18mmAir 100%/Clear 4mm,1.3,65/26,40/42/42
Planistar  lite 4mm/18mmAir 100%/Clear 5mm,1.3,65/26,40/42/42
Planistar lite  4mm/18mmArgon 100%/Clear 4mm,1,65/26,40/42/42
Planistar lite  4mm/18mmArgon 100%/Clear 5mm,1,65/26,40/42/42
Planistar  lite 4mm/8mmAir 100%/Clear 4mm,2,65/26,40/42/42
Planistar  lite  4mm/8mmAir 100%/Clear 5mm,2,65/26,40/42/42
Planistar lite 4mm/8mmArgon 90%/Clear 4mm,1.7,65/26,40/42/42
Planistar lite 4mm/8mmArgon 90%/Clear 5mm,1.7,65/26,40/42/42
Planistar lite 6 mm/10mmAir 100%/Clear 5mm,1.8,64/26,38/38/42
Planistar lite 6mm/10mmAir 100%/Clear 6mm,1.8,64/26,38/38/42
Planistar lite 6mm/10mmArgon 90%/Clear 6mm,1.4,64/26,38/38/42
Planistar lite 6mm/10mmArgon 90%/Clear 5mm,1.4,64/26,38/38/42
Planistar lite 6mm/12mmAir 100%/Clear 6mm,1.5,64/26,38/38/42
Planistar lite 6mm/12mmAir 100%/Clear 5mm,1.5,64/26,38/38/42
Planistar lite 6mm/12mmArgon 90%/Clear 6mm,1.2,64/26,38/38/42
Planistar lite 6mm/12mmArgon 90%/Clear 5mm,1.2,64/26,38/38/42
Planistar lite 6mm/14mmAir 100%/Clear 6mm,1.5,64/26,38/38/42
Planistar lite  6mm/14mmAir 100%/Clear 5mm,1.5,64/26,38/38/42
Planistar lite 6mm/14mmArgon 90%/Clear 6mm,1.1,64/26,38/38/42
Planistar lite 6mm/14mmArgon 90%/Clear 5mm,1.1,64/26,38/38/42
Planistar lite 6mm/15mmAir 100%/Clear 6mm,1.4,64/26,38/38/42
Planistar lite 6mm/15mmAir 100%/Clear 5mm,1.4,64/26,38/38/42
Planistar lite 6mm/15mmArgon 90%/Clear 6mm,1,64/26,38/38/42
Planistar lite 6mm/15mmArgon 90%/Clear 5mm,1,64/26,38/38/42
Planistar lite 6mm/16mmAir 100%/Clear 6mm,1.3,64/26,38/38/42
Planistar lite 6mm/16mmAir 100%/Clear 5mm,1.3,64/26,38/38/42
Planistar lite 6mm/16mmArgon 100%/Clear 6mm,1,64/26,38/38/42
Planistar  lite 6mm/16mmArgon 100%/Clear 5mm,1,64/26,38/38/42
Planistar  lite 6mm/18mmAir 100%/Clear 6mm,1.3,64/26,38/38/42
Planistar  lite 6mm/18mmAir 100%/Clear 5mm,1.3,64/26,38/38/42
Planistar lite  6mm/18mmArgon 100%/Clear 6mm,1,64/26,38/38/42
Planistar lite  6mm/18mmArgon 100%/Clear 5mm,1,64/26,38/38/42
Planistar  lite 6mm/8mmAir 100%/Clear 6mm,2,64/26,38/38/42
Planistar  lite  6mm/8mmAir 100%/Clear 5mm,2,64/26,38/38/42
Planistar lite 6mm/8mmArgon 90%/Clear 6mm,1.7,64/26,38/38/42
Planistar lite 6mm/8mmArgon 90%/Clear 5mm,1.7,64/26,38/38/42
Clima Guard Solar 4mm/15mmAir 100%/Clear 4mm,1.4,67/26,40/43/43
Clima Guard Solar 4mm/15mmAir 100%/Clear 5mm,1.4,67/26,40/43/43
Clima Guard Solar 4mm/10mmAir 100%/Clear 4mm,1.8,67/26,40/43/43
Clima Guard Solar 4mm/10mmAir 100%/Clear 5mm,1.8,67/26,40/43/43
Clima Guard Solar 4mm/10mmArgon 90%/Clear 4mm,1.4,67/26,40/43/43
Clima Guard Solar 4mm/10mmArgon 90%/Clear 5mm,1.4,67/26,40/43/43
Clima Guard Solar 4mm/12mmAir 100%/Clear 4mm,1.6,67/26,40/43/43
Clima Guard Solar 4mm/12mmAir 100%/Clear 5mm,1.6,67/26,40/43/43
Clima Guard Solar 4mm/12mmArgon 90%/Clear 4mm,1.2,67/26,40/43/43
Clima Guard Solar 4mm/12mmArgon 90%/Clear 5mm,1.2,67/26,40/43/43
Clima Guard Solar 4mm/14mmAir 100%/Clear 4mm,1.4,67/26,40/43/43
Clima Guard Solar 4mm/14mmAir 100%/Clear 5mm,1.4,67/26,40/43/43
Clima Guard Solar 4mm/14mmArgon 90%/Clear 4mm,1.1,67/26,40/43/43
Clima Guard Solar 4mm/14mmArgon 90%/Clear 5mm,1.1,67/26,40/43/43
Clima Guard Solar 4mm/15mmArgon 90%/Clear 4mm,1,67/26,40/43/43
Clima Guard Solar 4mm/15mmArgon 90%/Clear 5mm,1,67/26,40/43/43
Clima Guard Solar 4mm/16mmAir 100%/Clear 4mm,1.3,67/26,40/43/43
Clima Guard Solar 4mm/16mmAir 100%/Clear 5mm,1.3,67/26,40/43/43
Clima Guard Solar 4mm/16mmArgon 100%/Clear 4mm,1,67/26,40/43/43
Clima Guard Solar 4mm/16mmArgon 100%/Clear 5mm,1,67/26,40/43/43
Clima Guard Solar 4mm/18mmAir 100%/Clear 4mm,1.3,67/26,40/43/43
Clima Guard Solar 4mm/18mmAir 100%/Clear 5mm,1.3,67/26,40/43/43
Clima Guard Solar 4mm/18mmArgon 100%/Clear 4mm,1,67/26,40/43/43
Clima Guard Solar 4mm/18mmArgon 100%/Clear 5mm,1,67/26,40/43/43
Clima Guard Solar 4mm/8mmAir 100%/Clear 4mm,2,67/26,40/43/43
Clima Guard Solar 4mm/8mmAir 100%/Clear 5mm,2,67/26,40/43/43
Clima Guard Solar 4mm/8mmArgon 90%/Clear 4mm,1.6,67/26,40/43/43
Clima Guard Solar 4mm/8mmArgon 90%/Clear 5mm,1.6,67/26,40/43/43
Clima Guard Solar 6mm/15mmAir 100%/Clear 6mm,1.4,66/26,39/41/42
Clima Guard Solar 6mm/15mmAir 100%/Clear 5mm,1.4,66/26,39/41/42
Clima Guard Solar 6mm/10mmAir 100%/Clear 6mm,1.8,66/26,39/41/42
Clima Guard Solar 6mm/10mmAir 100%/Clear 5mm,1.8,66/26,39/41/42
Clima Guard Solar 6mm/10mmArgon 90%/Clear 6mm,1.4,66/26,39/41/42
Clima Guard Solar 6mm/10mmArgon 90%/Clear 5mm,1.4,66/26,39/41/42
Clima Guard Solar 6mm/12mmAir 100%/Clear 6mm,1.6,66/26,39/41/42
Clima Guard Solar 6mm/12mmAir 100%/Clear 5mm,1.6,66/26,39/41/42
Clima Guard Solar 6mm/12mmArgon 90%/Clear 6mm,1.2,66/26,39/41/42
Clima Guard Solar 6mm/12mmArgon 90%/Clear 5mm,1.2,66/26,39/41/42
Clima Guard Solar 6mm/14mmAir 100%/Clear 6mm,1.4,66/26,39/41/42
Clima Guard Solar 6mm/14mmAir 100%/Clear 5mm,1.4,66/26,39/41/42
Clima Guard Solar 6mm/14mmArgon 90%/Clear 6mm,1.1,66/26,39/41/42
Clima Guard Solar 6mm/14mmArgon 90%/Clear 5mm,1.1,66/26,39/41/42
Clima Guard Solar 6mm/15mmArgon 90%/Clear 6mm,1,66/26,39/41/42
Clima Guard Solar 6mm/15mmArgon 90%/Clear 5mm,1,66/26,39/41/42
Clima Guard Solar 6mm/16mmAir 100%/Clear 6mm,1.3,66/26,39/41/42
Clima Guard Solar 6mm/16mmAir 100%/Clear 5mm,1.3,66/26,39/41/42
Clima Guard Solar 6mm/16mmArgon 100%/Clear 6mm,1,66/26,39/41/42
Clima Guard Solar 6mm/16mmArgon 100%/Clear 5mm,1,66/26,39/41/42
Clima Guard Solar 6mm/18mmAir 100%/Clear 6mm,1.3,66/26,39/41/42
Clima Guard Solar 6mm/18mmAir 100%/Clear 5mm,1.3,66/26,39/41/42
Clima Guard Solar 6mm/18mmArgon 100%/Clear 6mm,1,66/26,39/41/42
Clima Guard Solar 6mm/18mmArgon 100%/Clear 5mm,1,66/26,39/41/42
Clima Guard Solar 6mm/8mmAir 100%/Clear 6mm,2,66/26,39/41/42
Clima Guard Solar 6mm/8mmAir 100%/Clear 5mm,2,66/26,39/41/42
Clima Guard Solar 6mm/8mmArgon 90%/Clear 6mm,1.6,66/26,39/41/42
Clima Guard Solar 6mm/8mmArgon 90%/Clear 5mm,1.6,66/26,39/41/42
Clima Guard Solar 4mm/16mmAir 100%/Clear 4mm/16mmAir 100%/Clear 4mm,1.1,69/26,40/43/38
Laminate Planistar lite 4.1.4mm/10mmArgon 90%/Mat 5mm,1.4,58/20,34/24/45
Planistar lite 6mm/10mmAir 100%/Laminate 3.1.3 mm,1.8,63/23,39/38/43
Planistar lite 6mm/10mmArgon 90%/Laminate 3.1.3 mm,1.4,63/23,39/38/43
Planistar lite 6mm/12mmAir 100%/Laminate 3.1.3 mm,1.5,63/23,39/38/43
Planistar lite 6mm/12mmArgon 90%/Laminate 3.1.3 mm,1.2,63/23,39/38/43
Planistar lite 6mm/14mmAir 100%/Laminate 3.1.3 mm,1.5,63/23,39/38/43
Planistar lite 6mm/14mmArgon 90%/Laminate 3.1.3 mm,1.1,63/23,39/38/43
Planistar lite 6mm/15mmAir 100%/Laminate 3.1.3 mm,1.4,63/23,39/38/43
Planistar lite 6mm/15mmArgon 90%/Laminate 3.1.3 mm,1,63/23,39/38/43
Planistar lite 6mm/16mmAir 100%/Laminate 3.1.3 mm,1.3,63/23,39/38/43
Planistar lite 6mm/16mmArgon 100%/Laminate 3.1.3 mm,1,63/23,39/38/43
Planistar  lite 6mm/18mmAir 100%/Laminate 3.1.3 mm,1.3,63/23,39/38/43
Planistar lite  6mm/18mmArgon 100%/Laminate 3.1.3 mm,1,63/23,39/38/43
Planistar lite 4mm/8mmArgon 90%/Clear 6mm,1.6,64/26,39/42/42
Planistar lite 4mm/10mmAir 100%/Clear 6mm,1.8,64/26,39/42/42
Planistar lite 4mm/10mmArgon 90%/Clear 6mm,1.4,64/26,39/42/42
Planistar lite 4mm/12mmAir 100%/Clear 6mm,1.5,64/26,39/42/42
Planistar lite 4mm/12mmArgon 90%/Clear 6mm,1.2,64/26,39/42/42
Planistar lite 4mm/14mmAir 100%/Clear 6mm,1.5,64/26,39/42/42
Planistar lite 4mm/14mmArgon 90%/Clear 6mm,1.1,64/26,39/42/42
Planistar lite 4mm/15mmAir 100%/Clear 6mm,1.4,64/26,39/42/42
Planistar lite 4mm/15mmArgon 90%/Clear 6mm,1,64/26,39/42/42
Planistar lite 4mm/16mmAir 100%/Clear 6mm,1.3,64/26,39/42/42
Planistar lite 4mm/16mmArgon 100%/Clear 6mm,1,64/26,39/42/42
Planistar  lite 4mm/18mmAir 100%/Clear 6mm,1.3,64/26,39/42/42
Planistar lite  4mm/18mmArgon 100%/Clear 6mm,1,64/26,39/42/42
Planitherm Ultra N 6mm/10mmAir 100%/Clear 4mm,1.8,79/12,53/24/57
Planitherm Ultra N 4mm/10mmAir 100%/Clear 4mm,1.8,79/12,54/26/50
Planitherm Ultra N 4mm/10mmAir 100%/Clear 5mm,1.8,79/12,54/26/50
Planitherm Ultra N 4mm/10mmArgon 90%/Clear 4mm,1.4,79/12,54/26/50
Planitherm Ultra N 4mm/10mmArgon 90%/Clear 5mm,1.4,79/12,54/26/50
Planitherm Ultra N 4mm/12mmAir 100%/Laminate 3.1.3mm,1.6,79/12,54/26/50
Planitherm Ultra N 4mm/12mmArgon 90%/Laminate 3.1.3mm,1.3,79/12,54/26/50
Planitherm Ultra N 4mm/14mmAir 100%/Laminate 3.1.3mm,1.5,79/12,54/26/50
Planitherm Ultra N 4mm/14mmArgon 90%/Laminate 3.1.3mm,1.2,79/12,54/26/50
Planitherm Ultra N 4mm/15mmAir 100%/Laminate 3.1.3mm,1.4,79/12,54/26/50
Planitherm Ultra N 4mm/15mmArgon 90%/Laminate 3.1.3mm,1.1,79/12,54/26/50
Planitherm Ultra N 4mm/16mmAir 100%/Laminate 3.1.3mm,1.4,79/12,54/26/50
Planitherm Ultra N 4mm/16mmArgon 100%/Laminate 3.1.3mm,1.1,79/12,54/26/50
Planitherm Ultra N 4mm/18mmAir 100%/Laminate 3.1.3mm,1.4,79/12,54/26/50
Planitherm Ultra N 4mm/18mmArgon 100%/Clear 5mm,1.1,79/12,54/26/50
Laminate Planistar lite 4.1.4mm/10mmAir 100%/Clear 5mm,1.7,65/27,37/35/40
Laminate Planistar lite 4.1.4mm/10mmArgon 90%/Clear 5mm,1.4,65/27,37/35/40
Laminate Planistar lite 4.1.4mm/12mmAir 100%/Clear 5mm,1.5,65/27,37/35/40
Laminate Planistar lite 4.1.4mm/12mmArgon 90%/Clear 5mm,1.2,65/27,37/35/40
Laminate Planistar lite 4.1.4mm/14mmAir 100%/Clear 5mm,1.4,65/27,37/35/40
Laminate Planistar lite 4.1.4mm/14mmArgon90%/Clear 5mm,1,65/27,37/35/40
Laminate Planistar lite 4.1.4mm/15mmAir 100%/Clear 5mm,1.3,65/27,37/35/40
Laminate Planistar lite 4.1.4mm/15mmArgon 90%/Clear 5mm,1,65/27,37/35/40
Laminate Planistar lite 4.1.4mm/16mmAir 100%/Clear 5mm,1.3,65/27,37/35/40
Laminate Planistar lite 4.1.4mm/16mmArgon 90%/Clear 5mm,1,65/27,37/35/40
Laminate Planistar lite 4.1.4mm/18mmAir 100%/Clear 5mm,1.3,65/27,37/35/40
Laminate Planistar lite 4.1.4mm/18mmArgon 90%/Clear 5mm,1.1,65/27,37/35/40
Laminate Planistar lite 3.1.3mm/8mmAir 100%/Laminate 4.1.4 mm,2,63/25,34/34/39
Laminate Planistar lite 3.1.3mm/8mm Argon 90%/Laminate 4.1.4 mm,1.6,63/25,34/34/39
Laminate Planistar lite 3.1.3mm/10mmAir 100%/Laminate 4.1.4 mm,1.7,63/25,34/34/39
Laminate Planistar lite 3.1.3mm/10mmArgon 90%/Laminate 4.1.4 mm,1.4,63/25,34/34/39
Laminate Planistar lite 3.1.3mm/12mmAir 100%/Laminate 4.1.4 mm,1.5,63/25,34/34/39
Laminate Planistar lite 3.1.3mm/12mmArgon 90%/Laminate 4.1.4 mm,1.2,63/25,34/34/39
Laminate Planistar lite 3.1.3mm/14mmAir 100%/Laminate 4.1.4 mm,1.4,63/25,34/34/39
Laminate Planistar lite 3.1.3mm/14mmArgon 90%/Laminate 4.1.4 mm,1,63/25,34/34/39
Laminate Planistar lite 3.1.3mm/15mmAir 100%/Laminate 4.1.4 mm,1.5,63/25,34/34/39
Laminate Planistar lite 3.1.3mm/15mmArgon 90%/Laminate 4.1.4 mm,1,63/25,34/34/39
Laminate Planistar lite 3.1.3mm/16mmAir 100%/Laminate 4.1.4 mm,1.3,63/25,34/34/39
Laminate Planistar lite 3.1.3mm/16mmArgon 90%/Laminate 4.1.4 mm,1,63/25,34/34/39
Laminate Planistar lite 3.1.3mm/18mmAir 100%/Laminate 4.1.4 mm,1.3,63/25,34/34/39
Laminate Planistar lite 3.1.3mm/18mmArgon 90%/Laminate 4.1.4 mm,1,63/25,34/34/39
Laminate Planistar lite 3.1.3mm/8mmAir 100%/Laminate 3.1.3 mm,2,67/25,39/38/43
Laminate Planistar lite 3.1.3mm/8mm Argon 90%/Laminate 3.1.3 mm,1.6,67/25,39/38/43
Laminate Planistar lite 3.1.3mm/10mmAir 100%/Laminate 3.1.3 mm,1.7,67/25,39/38/43
Laminate Planistar lite 3.1.3mm/10mmArgon 90%/Laminate 3.1.3 mm,1.4,67/25,39/38/43
Laminate Planistar lite 3.1.3mm/12mmAir 100%/Laminate 3.1.3 mm,1.5,67/25,39/38/43
Laminate Planistar lite 3.1.3mm/12mmArgon 90%/Laminate 3.1.3 mm,1.2,67/25,39/38/43
Laminate Planistar lite 3.1.3mm/14mmAir 100%/Laminate 3.1.3 mm,1.4,67/25,39/38/43
Laminate Planistar lite 3.1.3mm/14mmArgon 90%/Laminate 3.1.3 mm,1,67/25,39/38/43
Laminate Planistar lite 3.1.3mm/15mmAir 100%/Laminate 3.1.3 mm,1.5,67/25,39/38/43
Laminate Planistar lite 3.1.3mm/15mmArgon 90%/Laminate 3.1.3 mm,1,67/25,39/38/43
Laminate Planistar lite 3.1.3mm/16mmAir 100%/Laminate 3.1.3 mm,1.3,67/25,39/38/43
Laminate Planistar lite 3.1.3mm/16mmArgon 90%/Laminate 3.1.3 mm,1,67/25,39/38/43
Laminate Planistar lite 3.1.3mm/18mmAir 100%/Laminate 3.1.3 mm,1.3,67/25,39/38/43
Laminate Planistar lite 3.1.3mm/18mmArgon 90%/Laminate 3.1.3 mm,1,67/25,39/38/43
Laminate  3.1.3 mm/10mmAir 100%/Laminate  3.1.3 mm,2.9,80/15,65/12/71
Laminate  3.1.3 mm pvb silence/10mmAir 100%/Laminate  3.1.3 mm pvb silence,2.9,80/14,64/12/71
Laminate  3.1.3 mm/12mmAir 100%/Laminate  3.1.3 mm,2.8,80/15,65/12/71
Laminate  3.1.3 mm pvb silence/12mmAir 100%/Laminate  3.1.3 mm pvb silence,2.8,80/14,64/12/71
Laminate  3.1.3 mm/12mmArgon 90%/Laminate  3.1.3 mm,2.7,80/15,65/12/71
Laminate  3.1.3 mm pvb silence/12mmArgon 90%/Laminate  3.1.3 mm pvb silence,2.7,80/14,64/12/71
Laminate  3.1.3 mm/14mmAir 100%/Laminate  3.1.3 mm,2.8,80/15,65/12/71
Laminate  3.1.3 mm pvb silence/14mmAir 100%/Laminate  3.1.3 mm pvb silence,2.8,80/14,64/12/71
Laminate  3.1.3 mm/14mmArgon 90%/Laminate  3.1.3 mm,2.6,80/15,65/12/71
Laminate  3.1.3 mm pvb silence/14mmArgon 90%/Laminate  3.1.3 mm pvb silence,2.6,80/14,64/12/71
Laminate  3.1.3 mm/15mmAir 100%/Laminate  3.1.3 mm,2.7,80/15,65/12/71
Laminate  3.1.3 mm pvb silence/15mmAir 100%/Laminate  3.1.3 mm pvb silence,2.7,80/14,64/12/71
Laminate  3.1.3 mm/15mmArgon 90%/Laminate  3.1.3 mm,2.6,80/15,65/12/71
Laminate  3.1.3 mm pvb silence/15mmArgon 90%/Laminate  3.1.3 mm pvb silence,2.6,80/14,64/12/71
Laminate  3.1.3 mm/16mmAir 100%/Laminate  3.1.3 mm,2.7,80/15,65/12/71
Laminate  3.1.3 mm pvb silence/16mmAir 100%/Laminate  3.1.3 mm pvb silence,2.7,80/14,64/12/71
Laminate  3.1.3 mm/16mmArgon 100%/Laminate  3.1.3 mm,2.6,80/15,65/12/71
Laminate  3.1.3 mm pvb silence/16mmArgon 100%/Laminate  3.1.3 mm pvb silence,2.6,80/14,64/12/71
Laminate  3.1.3 mm/18mmAir 100%/Laminate  3.1.3 mm,2.7,80/15,65/12/71
Laminate  3.1.3 mm pvb silence/18mmAir 100%/Laminate  3.1.3 mm pvb silence,2.7,80/14,64/12/71
Laminate  3.1.3 mm/18mmArgon 100%/Laminate  3.1.3 mm,2.6,80/15,65/12/71
Laminate  3.1.3 mm pvb silence/18mmArgon 100%/Laminate  3.1.3 mm pvb silence,2.6,80/14,64/12/71
Laminate  3.1.3 mm/8mmAir 100%/Laminate  3.1.3 mm,3.1,80/15,65/12/71
Laminate  3.1.3 mm pvb silence/8mmAir 100%/Laminate  3.1.3 mm pvb silence,3,80/14,64/12/71
Laminate  3.1.3 mm/8mmArgon 90%/Laminate  3.1.3 mm,2.9,80/15,65/12/71
Laminate  3.1.3 mm pvb silence/8mmArgon 90%/Laminate  3.1.3 mm pvb silence,2.8,80/14,64/12/71
Laminate 3.1.3 mm/10mmArgon 90%/Laminate  3.1.3 mm,2.7,80/15,65/12/71
Laminate  3.1.3 mm pvb silence/10mmArgon 90%/Laminate  3.1.3 mm pvb silence,2.7,80/14,64/12/71
Laminate  4.1.4 mm/20mmArgon 90%/Laminate  4.1.4 mm,2.4,80/14,64/12/71
Laminate  4.1.4 mm/20mmAir 100%/Laminate  4.1.4 mm,2.4,80/14,64/12/71
Laminate Neutral 70 4.1.4 mm/10mmAir 100%/Laminate 3.1.3 mm,2,70/13,51/20/55
Laminate Neutral 70 4.1.4 mm/10mmArgon 90%/Laminate 3.1.3 mm,1.7,70/13,51/20/55
Laminate Neutral 70 4.1.4 mm/12mmAir 100%/Laminate 3.1.3 mm,1.8,70/13,51/20/55
Laminate Neutral 70 4.1.4 mm/12mmArgon 90%/Laminate 3.1.3 mm,1.5,70/13,51/20/55
Laminate Neutral 70 4.1.4 mm/14mmAir 100%/Laminate 3.1.3 mm,1.7,70/13,51/20/55
Laminate Neutral 70 4.1.4 mm/14mmArgon 90%/Laminate 3.1.3 mm,1.4,70/13,51/20/55
Laminate Neutral 70 4.1.4 mm/15mmAir 100%/Laminate 3.1.3 mm,1.6,70/13,51/20/55
Laminate Neutral 70 4.1.4 mm/15mmArgon 90%/Laminate 3.1.3 mm,1.4,70/13,51/20/55
Laminate Neutral 70 4.1.4 mm/16mmAir 100%/Laminate 3.1.3 mm,1.6,70/13,51/20/55
Laminate Neutral 70 4.1.4 mm/16mmArgon 90%/Laminate 3.1.3 mm,1.4,70/13,51/20/55
Laminate Neutral 70 4.1.4 mm/18mmAir 100%/Laminate 3.1.3 mm,1.6,70/13,51/20/55
Laminate Neutral 70 4.1.4 mm/18mmArgon 90%/Laminate 3.1.3 mm,1.4,70/13,51/20/55
Planistar Evo 4mm/10mmAir 100%/Clear 4mm,1.8,61/24,38/9/37
Planistar Evo  4mm/10mmAir 100%/Clear 5mm,1.8,61/24,38/9/37
Planistar Evo  4mm/10mmArgon 90%/Clear 4mm,1.4,61/24,38/9/37
Planistar Evo  4mm/10mmArgon 90%/Clear 5mm,1.4,61/24,38/9/37
Planistar Evo  4mm/12mmAir 100%/Clear 4mm,1.6,61/24,38/9/37
Planistar Evo  4mm/12mmAir 100%/Clear 5mm,1.6,61/24,38/9/37
Planistar Evo  4mm/12mmArgon 90%THERMIX/Clear 4mm,1.2,61/24,38/9/37
Planistar Evo  4mm/12mmArgon 90% THERMIX/Clear 5mm,1.2,61/24,38/9/37
Planistar Evo  4mm/14mmAir 100%/Clear 4mm,1.5,61/24,38/9/37
Planistar Evo   4mm/14mmAir 100%/Clear 5mm,1.5,61/24,38/9/37
Planistar Evo  4mm/14mmArgon 90%/Clear 4mm,1.1,61/24,38/9/37
Planistar Evo 4mm/14mmArgon 90%/Clear 5mm,1.1,61/24,38/9/37
Planistar Evo  4mm/15mmAir 100%/Clear 4mm,1.4,61/24,38/9/37
Planistar Evo  4mm/15mmAir 100%/Clear 5mm,1.4,61/24,38/9/37
Planistar Evo  4mm/15mmArgon 90%/Clear 4mm,1,61/24,38/9/37
Planistar Evo  4mm/15mmArgon 90%/Clear 5mm,1,61/24,38/9/37
Planistar Evo  4mm/16mmAir 100%/Clear 4mm,1.3,61/24,38/9/37
Planistar Evo  4mm/16mmAir 100%/Clear 5mm,1.3,61/24,38/9/37
Planistar Evo  4mm/16mmArgon 100%/Clear 4mm,1,61/24,38/9/37
Planistar Evo  4mm/16mmArgon 100%/Clear 5mm,1,61/24,38/9/37
Planistar Evo  4mm/15mmAir 100% THERMIX/Clear 4mm,1.3,61/24,38/9/37
Planistar Evo  4mm/15mmAir 100% THERMIX/Clear 5mm,1.3,61/24,38/9/37
Planistar Evo   4mm/1mmArgon 100% THERMIX/Clear 4mm,1,61/24,38/9/37
Planistar Evo   4mm/15mmArgon 100% THERMIX/Clear 5mm,1,61/24,38/9/37
Planistar Evo  4mm/8mmAir 100%/Clear 4mm,2,61/24,38/9/37
Planistar Evo   4mm/8mmAir 100%/Clear 5mm,2,61/24,38/9/37
Planistar Evo  4mm/8mmArgon 90%/Clear 4mm,1.7,61/24,38/9/37
Planistar Evo  4mm/8mmArgon 90%/Clear 5mm,1.7,61/24,38/9/37
Planistar Evo  4mm/24mmAir 100%/Clear 5mm,1.3,60/24,38/9/38
Planistar Evo  4mm/24mmArgon 100%/Clear 5mm,1,60/24,38/9/38
Laminate 4.1.4  mmPlanistar Evo /20mmArgon 90%/Laminate 44.1 mm Mat,1,55/22,34/37/39
Planistar Evo  6 mm/10mmAir 100%/Clear 5mm,1.8,61/24,38/9/37
Planistar Evo  6mm/10mmAir 100%/Clear 6mm,1.8,61/24,38/9/37
Planistar Evo  6mm/10mmArgon 90%/Clear 6mm,1.4,61/24,38/9/37
Planistar Evo  6mm/10mmArgon 90%/Clear 5mm,1.4,61/24,38/9/37
Planistar Evo  6mm/12mmAir 100%/Clear 6mm,1.5,61/24,38/9/37
Planistar Evo 6mm/12mmAir 100%/Clear 5mm,1.5,61/24,38/9/37
Planistar Evo 6mm/12mmArgon 90%/Clear 6mm,1.2,61/24,38/9/37
Planistar Evo 6mm/12mmArgon 90%/Clear 5mm,1.2,61/24,38/9/37
Planistar Evo  6mm/14mmAir 100%/Clear 6mm,1.5,61/24,38/9/37
Planistar Evo   6mm/14mmAir 100%/Clear 5mm,1.5,61/24,38/9/37
Planistar Evo  6mm/14mmArgon 90%/Clear 6mm,1.1,61/24,38/9/37
Planistar Evo  6mm/14mmArgon 90%/Clear 5mm,1.1,61/24,38/9/37
Planistar Evo  6mm/15mmAir 100%/Clear 6mm,1.4,61/24,38/9/37
Planistar Evo  6mm/15mmAir 100%/Clear 5mm,1.4,61/24,38/9/37
Planistar Evo  6mm/15mmArgon 90%/Clear 6mm,1,61/24,38/9/37
Planistar Evo  6mm/15mmArgon 90%/Clear 5mm,1,61/24,38/9/37
Planistar Evo  6mm/16mmAir 100%/Clear 6mm,1.3,61/24,38/9/37
Planistar Evo  6mm/16mmAir 100%/Clear 5mm,1.3,61/24,38/9/37
Planistar Evo  6mm/32mmArgon 90%/Laminate 44.2 (PVB silence 0.76) mm,1.1,59/22,33/37/38
Planistar Evo  6mm/16mmArgon 100%/Clear 5mm,1,61/24,38/9/37
Planistar Evo  6mm/18mmAir 100%/Clear 6mm,1.3,61/24,38/9/37
Planistar Evo 6mm/18mmAir 100%/Clear 5mm,1.3,61/24,38/9/37
Planistar Evo   6mm/18mmArgon 100%/Clear 6mm,1,61/24,38/9/37
Laminate Planistar Evo   6.1.6 mm/16mmArgon 90%/Laminate 4.1.4  mm,1,58/22,32/28/38
Laminate Planistar Evo   4.1.4 mm/15mmArgon 90%/Laminate 4.2.4  mm,1,59/22,32/31/36
Laminate    4.1.4 mm/15mmArgon 90%/Laminate 6.8.6  mm,2.4,77/14,55/12/69
Laminate Planistar Evo   4.1.4 mm/15mmArgon 90%/Laminate 4.1.4  mm,1,59/22,33/31/36
Planitherm XN    4mm/14mmArgon 90%/Clear 6mm/12mm Argon 90%/Planitherm XN 4mm,0.7,74/14,47/32/54
Planitherm XN 6mm/10mmAir 100%/Clear 4mm,2,70/13,54/20/58
PlanithermXN 6mm/10mmAir 100%/Clear 5mm,2,70/13,54/20/58
Planitherm  XN  6mm/10mmArgon 90%/Clear 4mm,1.9,70/13,54/20/58
Planitherm XN  6mm/10mmArgon 90%/Clear 5mm,1.9,70/13,54/20/58
Planitherm  XN  6mm/12mmAir 100%/Clear 4mm,1.8,70/13,54/20/58
Planitherm  XN  6mm/12mmAir 100%/Clear 5mm,1.8,70/13,54/20/58
Planitherm  XN  6mm/12mmArgon 90%/Clear 4mm,1.7,70/13,54/20/58
Planitherm  XN  6mm/12mmArgon 90%/Clear 5mm,1.7,70/13,54/20/58
Planitherm  XN  6mm/14mmAir 100%/Clear 4mm,1.7,70/13,54/20/58
Planitherm  XN  6mm/14mmAir 100%/Clear 5mm,1.7,70/13,54/20/58
Planitherm XN 6mm/14mmArgon 90%/Clear 4mm,1.4,70/13,54/20/58
Planitherm  XN  6mm/14mmArgon 90%/Clear 5mm,1.4,70/13,54/20/58
Planitherm  XN  6mm/15mmAir 100%/Clear 4mm,1.7,70/13,54/20/58
Planitherm  XN  6mm/15mmAir 100%/Clear 5mm,1.7,70/13,54/20/58
Planitherm  XN  6mm/15mmArgon 90%/Clear 4mm,1.4,70/13,54/20/58
Planitherm  XN  6mm/15mmArgon 90%/Clear 5mm,1.4,70/13,54/20/58
Planitherm XN  6mm/16mmAir 100%/Clear 4mm,1.6,70/13,54/20/58
Planitherm XN  6mm/16mmAir 100%/Clear 5mm,1.6,70/13,54/20/58
Planitherm  XN  6mm/16mmArgon 100%/Clear 4mm,1.4,70/13,54/20/58
Planitherm XN  6mm/16mmArgon 100%/Clear 5mm,1.4,70/13,54/20/58
Planitherm  XN  6mm/18mmAir 100%/Clear 4mm,1.6,70/13,54/20/58
Planitherm  XN 6mm/18mmAir 100%/Clear 5mm,1.6,70/13,54/20/58
Planitherm  XN  6mm/18mmArgon 100%/Clear 4mm,1.4,70/13,54/20/58
Planitherm  XN  6mm/18mmArgon 100%/Clear 5mm,1.4,70/13,54/20/58
Planistar Evo   6mm/18mmArgon 90%/Clear 5mm,1,61/24,38/9/37
Planistar SUN 6mm/10mmAir 100%/Clear 4mm,1.8,71/14,36/35/38
Planistar SUN 6mm/10mmAir 100%/Clear 5mm,1.8,71/14,36/35/38
Planistar SUN 6mm/10mmArgon 90%/Clear 4mm,1.4,71/14,36/35/38
Planistar SUN 6mm/10mmArgon 90%/Clear 5mm,1.4,71/14,36/35/38
Planistar SUN 6mm/12mmAir 100%/Clear 4mm,1.5,71/14,36/35/38
Planistar SUN 6mm/12mmAir 100%/Clear 5mm,1.5,71/14,36/35/38
Planistar SUN 6mm/12mmArgon 90%/Clear 4mm,1.2,71/14,36/35/38
Planistar SUN 6mm/12mmArgon 90%/Clear 5mm,1.2,71/14,36/35/38
Planistar SUN 6mm/14mmAir 100%/Clear 4mm,1.4,71/14,36/35/38
Planistar SUN 6mm/14mmAir 100%/Clear 5mm,1.4,71/14,36/35/38
Planistar SUN 6mm/14mmArgon 90%/Clear 4mm,1.1,71/14,36/35/38
Planistar SUN 6mm/14mmArgon 90%/Clear 5mm,1.1,71/14,36/35/38
Planistar SUN 6mm/15mmAir 100%/Clear 4mm,1.3,71/14,36/35/38
Planistar SUN 6mm/15mmAir 100%/Clear 5mm,1.3,71/14,36/35/38
Planistar SUN 6mm/15mmArgon 90%/Clear 4mm,1,71/14,36/35/38
Planistar SUN 6mm/15mmArgon 90%/Clear 5mm,1,71/14,36/35/38
Planistar SUN 6mm/16mmAir 100%/Clear 4mm,1.3,71/14,36/35/38
Planistar SUN 6mm/16mmAir 100%/Clear 5mm,1.3,71/14,36/35/38
Planistar SUN 6mm/16mmArgon 100%/Clear 4mm,1,71/14,36/35/38
Planistar SUN PLUS 6mm/16mm SWISS SPACER  ADVANCE Argon 90%/Laminate 44.2.(PVB silence 0.76)mm,1,71/14,34/37/38
Planistar SUN PLUS 6mm/16mm SWISS SPACER  ADVANCE Argon 90%/Laminate 44.2.(PVB silence 0.76)mm,1,71/14,34/37/38
Planistar SUN 6mm/18mmAir 100%/Clear 4mm,1.3,71/14,36/35/38
Planistar SUN 6mm/18mmAir 100%/Clear 5mm,1.3,71/14,36/35/38
Planistar SUN 6mm/18mmArgon 100%/Clear 4mm,1,71/14,36/35/38
Planistar SUN 6mm/18mmArgon 100%/Clear 5mm,1,71/14,36/35/38
Planistar Evo 4mm/10mmAir 100%/Laminate 44.2 (PVB silence 0.76) mm,1.7,60/23,34/39/39
Planistar Evo  4mm/10mmAir 100%/Laminate 44.2 (PVB silence 0.76) mm,1.7,60/23,34/39/39
Planistar Evo  4mm/10mmArgon 90%/Laminate 44.2 (PVB silence 0.76) mm,1.4,60/23,34/39/39
Planistar Evo  4mm/10mmArgon 90%/Laminate 44.2 (PVB silence 0.76) mm,1.4,60/23,34/39/39
Planistar Evo  4mm/12mmAir 100%/Laminate 44.2 (PVB silence 0.76) mm,1.5,60/23,34/39/39
Planistar Evo  4mm/12mmAir 100%/Laminate 44.2 (PVB silence 0.76) mm,1.5,60/23,34/39/39
Planistar Evo  4mm/12mmArgon 90%/Laminate 44.2 (PVB silence 0.76) mm,1.2,60/23,34/39/39
Planistar Evo  4mm/12mmArgon 90%/Laminate 44.2 (PVB silence 0.76) mm,1.2,60/23,34/39/39
Planistar Evo  4mm/14mmAir 100%/Laminate 44.2 (PVB silence 0.76) mm,1.4,60/23,34/39/39
Planistar Evo   4mm/14mmAir 100%/Laminate 44.2 (PVB silence 0.76) mm,1.4,60/23,34/39/39
Planistar Evo  4mm/14mmArgon 90%/Laminate 44.2 (PVB silence 0.76) mm,1.1,60/23,34/39/39
Planistar Evo 4mm/14mmArgon 90%/Laminate 44.2 (PVB silence 0.76) mm,1.1,60/23,34/39/39
Planistar Evo  4mm/15mmAir 100%/Laminate 44.2 (PVB silence 0.76) mm,1.3,60/23,34/39/39
Planistar Evo  4mm/15mmAir 100%/Laminate 44.2 (PVB silence 0.76) mm,1.3,60/23,34/39/39
Planistar Evo  4mm/15mmArgon 90%/Laminate 44.2 (PVB silence 0.76) mm,1,60/23,34/39/39
Planistar Evo  4mm/15mmArgon 90%/Laminate 44.2 (PVB silence 0.76) mm,1,60/23,34/39/39
Planistar Evo  4mm/16mmAir 100%/Laminate 44.2 (PVB silence 0.76) mm,1.3,60/23,34/39/39
Planistar Evo  4mm/16mmAir 100%/Laminate 44.2 (PVB silence 0.76) mm,1.3,60/23,34/39/39
Planistar Evo  4mm/16mmArgon 100%/Laminate 44.2 (PVB silence 0.76) mm,1,60/23,34/39/39
Planistar Evo  4mm/16mmArgon 100%/Laminate 44.2 (PVB silence 0.76) mm,1,60/23,34/39/39
Planistar Evo  4mm/18mmAir 100%/Laminate 44.2 (PVB silence 0.76) mm,1.3,60/23,34/39/39
Planistar Evo  4mm/18mmAir 100%/Laminate 44.2 (PVB silence 0.76) mm,1.3,60/23,34/39/39
Planistar Evo   4mm/18mmArgon 100%/Laminate 44.2 (PVB silence 0.76) mm,1,60/23,34/39/39
Planistar Evo   4mm/18mmArgon 100%/Laminate 44.2 (PVB silence 0.76) mm,1,60/23,34/39/39
Planistar Evo  4mm/8mmArgon 90%/Laminate 44.2 (PVB silence 0.76) mm,1.7,60/23,34/39/39
Planistar Evo  4mm/8mmArgon 90%/Laminate 44.2 (PVB silence 0.76) mm,1.7,60/23,34/39/39
Planistar Evo  6 mm/10mmAir 100%/Laminate 44.2 (PVB silence 0.76) mm,1.7,59/22,34/37/38
Planistar Evo  6mm/10mmAir 100%/Laminate 44.2 (PVB silence 0.76) mm,1.7,59/22,34/37/38
Planistar Evo  6mm/10mmArgon 90%/Laminate 44.2 (PVB silence 0.76) mm,1.4,59/22,34/37/38
Planistar Evo  6mm/10mmArgon 90%/Laminate 44.2 (PVB silence 0.76) mm,1.4,59/22,34/37/38
Planistar Evo  6mm/12mmAir 100%/Laminate 44.2 (PVB silence 0.76) mm,1.4,59/22,34/37/38
Planistar Evo 6mm/12mmAir 100%/Laminate 44.2 (PVB silence 0.76) mm,1.4,59/22,34/37/38
Planistar Evo 6mm/12mmArgon 90%/Laminate 44.2 (PVB silence 0.76) mm,1.2,59/22,34/37/38
Planistar Evo 6mm/12mmArgon 90%/Laminate 44.2 (PVB silence 0.76) mm,1.2,59/22,34/37/38
Planistar Evo  6mm/14mmAir 100%/Laminate 44.2 (PVB silence 0.76) mm,1.4,59/22,34/37/38
Planistar Evo   6mm/14mmAir 100%/Laminate 44.2 (PVB silence 0.76) mm,1.4,59/22,34/37/38
Planistar Evo  6mm/14mmArgon 90%/Laminate 44.2 (PVB silence 0.76) mm,1.1,59/22,34/37/38
Planistar Evo  6mm/14mmArgon 90%/Laminate 44.2 (PVB silence 0.76) mm,1.1,59/22,34/37/38
Planistar Evo  6mm/15mmAir 100%/Laminate 44.2 (PVB silence 0.76) mm,1.3,59/22,34/37/38
Planistar Evo  6mm/15mmAir 100%/Laminate 44.2 (PVB silence 0.76) mm,1.3,59/22,34/37/38
Planistar Evo  6mm/15mmArgon 90%/Laminate 44.2 (PVB silence 0.76) mm,1,59/22,34/37/38
Planistar Evo  6mm/15mmArgon 90%/Laminate 44.2 (PVB silence 0.76) mm,1,59/22,34/37/38
Planistar Evo  6mm/16mmAir 100%/Laminate 44.2 (PVB silence 0.76) mm,1.3,59/22,34/37/38
Planistar Evo  6mm/16mmAir 100%/Laminate 44.2 (PVB silence 0.76) mm,1.3,59/22,34/37/38
Planistar Evo  6mm/32mmArgon 90%/Laminate 44.2 (PVB silence 0.76) mm,1.1,59/22,34/37/38
Planistar Evo  6mm/16mmArgon 100%/Laminate 44.2 (PVB silence 0.76) mm,1,59/22,34/37/38
Planistar Evo  6mm/18mmAir 100%/Laminate 44.2 (PVB silence 0.76) mm,1.3,59/22,34/37/38
Planistar Evo 6mm/18mmAir 100%/Laminate 44.2 (PVB silence 0.76) mm,1.3,59/22,34/37/38
Planistar Evo   6mm/18mmArgon 100%/Laminate 44.2 (PVB silence 0.76) mm,1,59/22,34/37/38
Planistar Evo  4mm/8mmAir 100%/Clear 4mm,2,61/24,38/9/37
Planistar Evo   4mm/12mm Krypton  95%/Clear 5mm,0.9,61/23,37/39/39
Planistar Evo 4mm/10mmAir 100%/Laminate 4.1.4  mm,1.7,60/23,34/39/39
Planistar Evo  4mm/10mmAir 100%/Laminate 4.1.4  mm,1.7,60/23,34/39/39
Planistar Evo  4mm/10mmArgon 90%/Laminate 4.1.4  mm,1.4,60/23,34/39/39
Planistar Evo  4mm/10mmArgon 90%/Laminate 4.1.4  mm,1.4,60/23,34/39/39
Planistar Evo  4mm/12mmAir 100%/Laminate 4.1.4  mm,1.5,60/23,34/39/39
Planistar Evo  4mm/12mmAir 100%/Laminate 4.1.4  mm,1.5,60/23,34/39/39
Planistar Evo  4mm/12mmArgon 90%/Laminate 4.1.4  mm,1.2,60/23,34/39/39
Planistar Evo  4mm/12mmArgon 90%/Laminate 4.1.4  mm,1.2,60/23,34/39/39
Planistar Evo  4mm/14mmAir 100%/Laminate 4.1.4  mm,1.4,60/23,34/39/39
Planistar Evo   4mm/14mmAir 100%/Laminate 4.1.4  mm,1.4,60/23,34/39/39
Planistar Evo  4mm/14mmArgon 90%/Laminate 4.1.4  mm,1.1,60/23,34/39/39
Planistar Evo 4mm/14mmArgon 90%/Laminate 4.1.4  mm,1.1,60/23,34/39/39
Planistar Evo  4mm/15mmAir 100%/Laminate 4.1.4  mm,1.3,60/23,34/39/39
Planistar Evo  4mm/15mmAir 100%/Laminate 4.1.4  mm,1.3,60/23,34/39/39
Planistar Evo  4mm/15mmArgon 90%/Laminate 4.1.4  mm,1,60/23,34/39/39
Planistar Evo  4mm/15mmArgon 90%/Laminate 4.1.4  mm,1,60/23,34/39/39
Planistar Evo  4mm/16mmAir 100%/Laminate 4.1.4  mm,1.3,60/23,34/39/39
Planistar Evo  4mm/16mmAir 100%/Laminate 4.1.4  mm,1.3,60/23,34/39/39
Planistar Evo  4mm/16mmArgon 100%/Laminate 4.1.4  mm,1,60/23,34/39/39
Planistar Evo  4mm/16mmArgon 100%/Laminate 4.1.4  mm,1,60/23,34/39/39
Planistar Evo  4mm/18mmAir 100%/Laminate 4.1.4  mm,1.3,60/23,34/39/39
Planistar Evo  4mm/18mmAir 100%/Laminate 4.1.4  mm,1.3,60/23,34/39/39
Planistar Evo   4mm/18mmArgon 100%/Laminate 4.1.4  mm,1,60/23,34/39/39
Planistar Evo   4mm/18mmArgon 100%/Laminate 4.1.4  mm,1,60/23,34/39/39
Planistar Evo  4mm/8mmArgon 90%/Laminate 4.1.4  mm,1.7,60/23,34/39/39
Planistar Evo  4mm/8mmArgon 90%/Laminate 4.1.4  mm,1.7,60/23,34/39/39
Planistar Evo  6 mm/10mmAir 100%/Laminate 4.1.4  mm,1.7,59/22,34/37/38
Planistar Evo  6mm/10mmAir 100%/Laminate 4.1.4  mm,1.7,59/22,34/37/38
Planistar Evo  6mm/10mmArgon 90%/Laminate 4.1.4  mm,1.4,59/22,34/37/38
Planistar Evo  6mm/10mmArgon 90%/Laminate 4.1.4  mm,1.4,59/22,34/37/38
Planistar Evo  6mm/12mmAir 100%/Laminate 4.1.4  mm,1.4,59/22,34/37/38
Planistar Evo 6mm/12mmAir 100%/Laminate 4.1.4  mm,1.4,59/22,34/37/38
Planistar Evo 6mm/12mmArgon 90%/Laminate 4.1.4  mm,1.2,59/22,34/37/38
Planistar Evo 6mm/12mmArgon 90%/Laminate 4.1.4  mm,1.2,59/22,34/37/38
Planistar Evo  6mm/14mmAir 100%/Laminate 4.1.4  mm,1.4,59/22,34/37/38
Planistar Evo   6mm/14mmAir 100%/Laminate 4.1.4  mm,1.4,59/22,34/37/38
Planistar Evo  6mm/14mmArgon 90%/Laminate 4.1.4  mm,1.1,59/22,34/37/38
Planistar Evo  6mm/14mmArgon 90%/Laminate 4.1.4  mm,1.1,59/22,34/37/38
Planistar Evo  6mm/15mmAir 100%/Laminate 4.1.4  mm,1.3,59/22,34/37/38
Planistar Evo  6mm/15mmAir 100%/Laminate 4.1.4  mm,1.3,59/22,34/37/38
Planistar Evo  6mm/15mmArgon 90%/Laminate 4.1.4  mm,1,59/22,34/37/38
Planistar Evo  6mm/15mmArgon 90%/Laminate 4.1.4  mm,1,59/22,34/37/38
Planistar Evo  6mm/16mmAir 100%/Laminate 4.1.4  mm,1.3,59/22,34/37/38
Planistar Evo 6mm/12mmAir 100%/Laminate 3.1.3  mm,1.4,59/22,34/37/38
Planistar Evo 6mm/12mmArgon 90%/Laminate 3.1.3  mm,1.2,59/22,34/37/38
Planistar Evo  4mm/26mmAir 100%/Clear 5 mm,1.3,60/23,34/39/39
Planistar Evo   4mm/26mmArgon 100%/Clear 5  mm,1,60/23,34/39/39
Planistar Evo  4mm/27mmAir 100%/Clear 5 mm,1.3,60/23,34/39/39
Planistar Evo   4mm/27mmArgon 100%/Clear 5  mm,1,60/23,34/39/39
Planistar Evo 6mm/12mmAir 100%/Clear 4mm,1.5,61/24,38/9/37
Planistar Evo 6mm/12mmArgon 90%/Clear 4mm,1.2,61/24,38/9/37
Planistar Evo 6mm/12mmAir 100%/Clear 4mm,1.3,61/24,38/9/37
Planistar Evo  6mm/16mmArgon 100%/Clear 4mm,1,61/24,38/9/37
Laminate Planistar Evo  44.1mm/25mmAir 100%/Laminate 55.1  mm,1.3,58/22,34/37/38
Laminate Planistar Evo  44.1mm/25mmArgon90%/Laminate 55.1  mm,1,58/22,34/37/38
Planitherm Ultra N 6mm/12mmArgon 90% swispacer/5mm Clear/10mm Argon swispacer/Laminate Planistar Evo 4.1.4mm,0.7,53/24,28/33/33
Climaguard N 6mm/12mmArgon 90% swispacer/5mm Clear/10mm Argon swispacer/Laminate Planistar Evo 4.1.4mm,0.8,54/24,30/33/34
Planistar Evo 4mm/12mmAir 100%/Laminate 3.1.3  mm,1.4,59/22,34/37/38
Planistar Evo 4mm/12mmArgon 90%/Laminate 3.1.3  mm,1.2,59/22,34/37/38
Planistar Evo  6mm/16mmArgon 90%/Laminate 44.2 (PVB silence 0.76) mm,1,59/22,34/37/38
Planistar Evo 6mm/12mmAir 100%/Laminate 44.2 (PVB silence 0.76) mm,1.4,59/22,34/37/38
Planistar Evo 6mm/12mmArgon 90%/Laminate 44.2 (PVB silence 0.76) mm,1.2,59/22,34/37/38
Planistar Evo  6mm/16mmAir 100%/Laminate 44.2 (PVB silence 0.76) mm,1.3,59/22,34/37/38
Planistar Evo  6mm/16mmArgon 90%/Laminate 44.2 (PVB silence 0.76) mm,1.1,59/22,34/37/38
Laminate Planistar Evo  44.2mm/16mmArgon 90%/Laminate 44.2 (PVB silence 0.76) mm,1,58/22,34/37/38
Laminate Planistar Evo  44.2mm/14mmAir 100%/Laminate 44.2 (PVB silence 0.76) mm,1.4,58/22,34/37/38
Laminate Planistar Evo  44.2mm/14mmArgon 90%/Laminate 44.2 (PVB silence 0.76) mm,1.2,58/22,34/37/38
Laminate Planistar Evo  44.2mm/18mmAir 100%/Laminate 44.2 (PVB silence 0.76) mm,1,58/22,34/37/38
Laminate Planistar Evo  44.2mm/18mmArgon 90%/Laminate 44.2 (PVB silence 0.76) mm,1,58/22,34/37/38
Laminate Planistar Evo  44.2mm/22mmArgon 90%/Laminate 44.2 (PVB silence 0.76) mm,1,58/22,34/37/38
Laminate Planistar Evo  44.2mm/22mmAir 100%/Laminate 44.2 (PVB silence 0.76) mm,1,58/22,34/37/38
Laminate Planistar Evo  44.2mm/12mmArgon 90%/Laminate 44.2 (PVB silence 0.76) mm,1.2,58/22,34/37/38
Laminate Planistar Evo  44.2mm/16mmAir 100%/Laminate 44.2 (PVB silence 0.76) mm,1.3,58/22,34/37/38
Laminate Planistar Evo  44.2mm/16mmArgon 90%swispacer/Laminate 44.2 (PVB silence 0.76) mm,1,58/22,34/37/38
Laminate Planistar Evo  44.2mm/14mmAir 100%swispacer/Laminate 44.2 (PVB silence 0.76) mm,1.4,58/22,34/37/38
Laminate Planistar Evo  44.2mm/14mmArgon 90%swispacer/Laminate 44.2 (PVB silence 0.76) mm,1.2,58/22,34/37/38
Laminate Planistar Evo  44.2mm/18mmAir 100%swispacer/Laminate 44.2 (PVB silence 0.76) mm,1,58/22,34/37/38
Laminate Planistar Evo  44.2mm/18mmArgon 90%swispacer/Laminate 44.2 (PVB silence 0.76) mm,1,58/22,34/37/38
Laminate Planistar Evo  44.2mm/22mmArgon 90%swispacer/Laminate 44.2 (PVB silence 0.76) mm,1,58/22,34/37/38
Laminate Planistar Evo  44.2mm/22mmAir 100%swispacer/Laminate 44.2 (PVB silence 0.76) mm,1,58/22,34/37/38
Laminate Planistar Evo  44.2mm/12mmArgon 90%swispacer/Laminate 44.2 (PVB silence 0.76) mm,1.2,58/22,34/37/38
Laminate Planistar Evo  44.2mm/16mmAir 100%swispacer/Laminate 44.2 (PVB silence 0.76) mm,1.3,58/22,34/37/38
Laminate Planistar Evo  4.1.4mm/6mmArgon 90%/Laminate 3.1.3  mm,1.7,60/23,34/39/39
Laminate Planistar Evo  4.1.4mm/6mmArgon 90%/Laminate 3.1.3  mm,1.7,60/23,34/39/39
Planistar Evo  4mm/8mmAir 100%/Clear 4mm,2,61/24,38/9/37
Planistar Evo   4mm/8mmAir 100%/Clear 5mm,2,61/24,38/9/37
